Rk,Player,Age,Team,Lg,WAR,G,PA,AB,R,H,2B,3B,HR,RBI,SB,CS,BB,SO,BA,OBP,SLG,OPS,OPS+,rOBA,Rbat+,TB,GIDP,HBP,SH,SF,IBB,Pos,Awards,Player-additional
1,Vada Pinson*,21,CIN,NL,5.6,154,707,652,107,187,37,12,20,61,32,12,47,96,0.287,0.339,0.472,0.811,118,0.379,126,308,11,5,1,1,3,*8,ASASMVP-18,pinsova01
2,Nellie Fox*,32,CHW,AL,4,150,684,605,85,175,24,10,2,59,2,4,50,13,0.289,0.351,0.372,0.723,96,0.343,98,225,11,10,14,5,2,*4/H,ASASMVP-18GG,foxne01
3,Ernie Banks,29,CHC,NL,7.9,156,678,597,94,162,32,7,41,117,1,3,71,69,0.271,0.35,0.554,0.904,146,0.392,144,331,14,4,0,6,28,*6,ASASMVP-4GG,bankser01
4,Bill Bruton*,34,MLN,NL,3.7,151,677,629,112,180,27,13,12,54,22,13,41,97,0.286,0.33,0.428,0.758,114,0.351,119,269,4,2,1,4,1,*8/H,,brutobi01
5,Richie Ashburn*,33,CHC,NL,4.4,151,672,547,99,159,16,5,0,40,16,4,116,50,0.291,0.415,0.338,0.753,112,0.37,123,185,4,1,7,1,1,*87/H,,ashburi01
6,Eddie Mathews*,28,MLN,NL,7.3,153,671,548,108,152,19,7,39,124,7,3,111,113,0.277,0.397,0.551,0.948,166,0.416,166,302,8,2,4,6,3,*5,ASASMVP-10,matheed01
7,Luis Aparicio,26,CHW,AL,5.6,153,670,600,86,166,20,7,2,61,51,8,43,39,0.277,0.323,0.343,0.666,81,0.338,84,206,12,1,20,6,3,*6,ASASMVP-21GG,aparilu01
8,Jim Gilliam#,31,LAD,NL,4.4,151,670,557,96,138,20,2,5,40,12,9,96,28,0.248,0.359,0.318,0.677,83,0.335,94,177,6,3,9,4,1,*54/H,,gilliji01
9,Minnie Miñoso,36,CHW,AL,2.8,154,670,591,89,184,32,4,20,105,17,13,52,63,0.311,0.374,0.481,0.855,130,0.391,135,284,16,13,5,9,2,*7/9,ASASMVP-4GG,minosmi01
10,Willie Mays,29,SFG,NL,9.5,153,669,595,107,190,29,12,29,103,25,10,61,70,0.319,0.381,0.555,0.936,160,0.423,167,330,15,4,0,9,11,*8/H,ASASMVP-3GG,mayswi01
11,Henry Aaron,26,MLN,NL,8,153,664,590,102,172,20,11,40,126,16,7,60,63,0.292,0.352,0.566,0.919,156,0.406,158,334,8,2,0,12,13,*9/84,ASASMVP-11GG,aaronha01
12,Brooks Robinson,23,BAL,AL,4.1,152,651,595,74,175,27,9,14,88,2,2,35,49,0.294,0.329,0.44,0.769,108,0.354,107,262,29,0,13,8,0,*5/4,ASASMVP-3GG,robinbr01
13,Billy Gardner,32,WSH,AL,0.6,145,649,592,71,152,26,5,9,56,0,4,43,76,0.257,0.313,0.363,0.676,81,0.319,81,215,13,6,7,1,0,*46,,gardnbi02
14,Frank Malzone,30,BOS,AL,0.9,152,647,595,60,161,30,2,14,79,2,3,36,42,0.271,0.313,0.398,0.711,89,0.334,90,237,20,4,4,8,4,*5/H,ASAS,malzofr01
15,Mickey Mantle#,28,NYY,AL,6.4,153,644,527,119,145,17,6,40,94,14,3,111,125,0.275,0.399,0.558,0.957,162,0.429,161,294,11,1,0,5,6,*8/H,ASASMVP-2,mantlmi01
16,Bob Skinner*,28,PIT,NL,1.7,145,640,571,83,156,33,6,15,86,11,8,59,86,0.273,0.34,0.431,0.771,109,0.351,110,246,13,1,5,4,11,*7/H,ASAS,skinnbo01
17,Tony Taylor,24,2TM,NL,1.9,146,640,581,80,165,25,7,5,44,26,11,41,98,0.284,0.331,0.377,0.708,95,0.333,96,219,11,3,9,6,2,*4/5H,ASAS,tayloto02
17,Tony Taylor,24,CHC,NL,0.1,19,89,76,14,20,3,3,1,9,2,0,8,12,0.263,0.337,0.421,0.758,109,0.354,110,32,1,1,3,1,0,4,,tayloto02
17,Tony Taylor,24,PHI,NL,1.8,127,551,505,66,145,22,4,4,35,24,11,33,86,0.287,0.33,0.37,0.701,93,0.329,94,187,10,2,6,5,2,*4/5H,,tayloto02
18,Don Hoak,32,PIT,NL,5.4,155,636,553,97,156,24,9,16,79,3,2,74,74,0.282,0.366,0.445,0.81,120,0.381,131,246,17,1,4,4,9,*5/H,MVP-2,hoakdo01
19,Eddie Yost,33,DET,AL,1.8,143,636,497,78,129,23,2,14,47,5,4,125,69,0.26,0.414,0.398,0.812,118,0.388,126,198,11,8,3,3,1,*5/H,,yosted01
20,Bill Tuttle,30,KCA,AL,1.4,151,635,559,75,143,21,3,8,40,1,5,66,52,0.256,0.336,0.347,0.683,85,0.333,92,194,19,2,7,1,2,*8/H,,tuttlbi01
21,Jerry Lumpe*,27,KCA,AL,1.1,146,630,574,69,156,19,3,8,53,1,1,48,49,0.272,0.326,0.357,0.683,85,0.32,81,205,14,0,4,4,1,*46/H,,lumpeje01
22,Dick Groat,29,PIT,NL,6.1,138,629,573,85,186,26,4,2,50,0,2,39,35,0.325,0.371,0.394,0.766,110,0.358,116,226,7,4,12,1,0,*6/H,ASASMVP-1,groatdi01
23,Al Kaline,25,DET,AL,2.5,147,629,551,77,153,29,4,15,68,19,4,65,47,0.278,0.354,0.426,0.781,107,0.373,112,235,18,3,5,5,3,*8/H,ASAS,kalinal01
24,Tito Francona*,26,CLE,AL,3.4,147,625,544,84,159,36,2,17,79,4,1,67,67,0.292,0.372,0.46,0.832,127,0.383,129,250,11,5,3,5,7,*73/H9,,francti01
25,Vic Power,32,CLE,AL,2,147,625,580,69,167,26,3,10,84,9,5,24,20,0.288,0.313,0.395,0.707,93,0.33,92,229,12,0,14,7,5,*3/65,ASASMVP-18GG,powervi01
26,Roberto Clemente,25,PIT,NL,4,144,620,570,89,179,22,6,16,94,4,5,39,72,0.314,0.357,0.458,0.815,121,0.375,127,261,21,2,4,5,4,*9/H,ASASMVP-8,clemero01
27,Tony Kubek*,24,NYY,AL,3.8,147,618,568,77,155,25,3,14,62,3,0,31,42,0.273,0.312,0.401,0.713,96,0.332,93,228,13,3,12,4,5,*67/H89,MVP-11,kubekto01
28,Ken Boyer,29,STL,NL,6.8,151,616,552,95,168,26,10,32,97,8,7,56,77,0.304,0.37,0.562,0.932,144,0.416,151,310,13,4,0,4,10,*5/H,ASASMVP-6GG,boyerke01
29,Rocky Colavito,26,DET,AL,1.1,145,616,555,67,138,18,1,35,87,3,6,53,80,0.249,0.317,0.474,0.791,108,0.354,104,263,17,4,1,3,4,*9/H,,colavro01
30,Orlando Cepeda,22,SFG,NL,4.3,151,615,569,81,169,36,3,24,96,15,6,34,91,0.297,0.343,0.497,0.84,134,0.385,140,283,11,8,0,4,9,73/H,ASAS,cepedor01
31,Pete Runnels*,32,BOS,AL,4.7,143,613,528,80,169,29,2,2,35,5,2,71,51,0.32,0.401,0.394,0.795,114,0.386,126,208,16,2,9,3,2,*43/5H,ASASMVP-17,runnepe01
32,Jim Lemon,32,WSH,AL,2.1,148,612,528,81,142,10,1,38,100,2,0,67,114,0.269,0.354,0.508,0.861,129,0.388,128,268,9,7,0,9,8,*7/H,ASASMVP-10,lemonji01
33,Ron Hansen,22,BAL,AL,3.9,153,606,530,72,135,22,5,22,86,3,3,69,94,0.255,0.342,0.44,0.781,111,0.362,113,233,18,2,1,2,5,*6/H,ASASMVP-5ROY-1,hansero02
34,Bill White*,26,STL,NL,2.2,144,606,554,81,157,27,10,16,79,12,6,42,83,0.283,0.334,0.455,0.789,107,0.358,107,252,9,2,5,3,1,*38/H7,ASASGG,whitebi03
35,Bob Allison,25,WSH,AL,2.4,144,605,501,79,126,30,3,15,69,11,9,92,94,0.251,0.367,0.413,0.78,110,0.367,115,207,14,2,5,4,4,*9/8H3,,allisbo01
36,Norm Siebern*,26,KCA,AL,2.3,144,604,520,69,145,31,6,19,69,0,0,72,68,0.279,0.366,0.471,0.837,125,0.387,128,245,9,2,4,4,6,73/H,,siebeno01
37,Del Crandall,30,MLN,NL,4.6,142,596,537,81,158,14,1,19,77,4,6,34,36,0.294,0.334,0.43,0.764,115,0.352,122,231,15,4,9,12,6,*2/H,ASASMVP-13GG,crandde01
38,Al Smith,32,CHW,AL,1.9,142,596,536,80,169,31,3,12,72,8,3,50,65,0.315,0.374,0.451,0.826,123,0.382,125,242,18,3,2,4,3,*9/87H,ASASMVP-6,smithal04
39,Daryl Spencer,31,STL,NL,2.6,148,596,507,70,131,20,3,16,58,1,1,81,74,0.258,0.365,0.404,0.769,104,0.362,110,205,15,5,1,2,7,*64/H,,spencda01
40,Marv Breeding,26,BAL,AL,2.4,152,594,551,69,147,25,2,3,43,10,4,35,80,0.267,0.313,0.336,0.648,77,0.314,77,185,8,3,2,3,2,*4/H,,breedma01
41,Jim Landis,26,CHW,AL,3.1,148,594,494,89,125,25,6,10,49,23,6,80,84,0.253,0.365,0.389,0.753,105,0.362,108,192,7,9,7,4,4,*8/H,GG,landiji01
42,Bill Mazeroski,23,PIT,NL,2.5,151,591,538,58,147,21,5,11,64,4,0,40,50,0.273,0.32,0.392,0.712,94,0.321,85,211,9,1,4,8,15,*4/H,ASASGG,mazerbi01
43,Frank Bolling,28,DET,AL,0.6,139,585,536,64,136,20,4,9,59,7,4,40,48,0.254,0.308,0.356,0.664,77,0.32,77,191,10,2,6,0,2,*4/H,,bollifr01
44,Bill Skowron,29,NYY,AL,4.6,146,584,538,63,166,34,3,26,91,2,3,38,95,0.309,0.353,0.528,0.881,141,0.402,146,284,17,2,0,6,2,*3/H,ASASMVP-9,skowrbi01
45,Don Blasingame*,28,SFG,NL,1.5,136,583,523,72,123,12,8,2,31,14,2,49,53,0.235,0.302,0.3,0.602,71,0.303,79,157,4,2,7,2,1,*4/H,,blasido01
46,Roger Maris*,25,NYY,AL,7.5,136,578,499,98,141,18,7,39,112,2,2,70,65,0.283,0.371,0.581,0.952,160,0.428,163,290,6,3,1,5,4,*9/8H,ASASMVP-1GG,marisro01
47,Pancho Herrera,26,PHI,NL,1.6,145,575,512,61,144,26,6,17,71,2,3,51,136,0.281,0.348,0.455,0.803,119,0.362,120,233,17,5,0,7,6,*34/H,MVP-23ROY-2,herrepa01
48,Joe Adcock,32,MLN,NL,3.7,138,570,514,55,153,21,4,25,91,2,2,46,86,0.298,0.354,0.5,0.854,140,0.38,140,257,13,1,5,4,7,*3/H,ASASMVP-19,adcocjo01
49,Jackie Brandt,26,BAL,AL,0.9,145,570,511,73,130,24,6,15,65,5,3,47,69,0.254,0.317,0.413,0.73,98,0.344,99,211,7,3,3,6,3,*897/H53,,brandja01
50,Willie Kirkland*,26,SFG,NL,3.1,146,567,515,59,130,21,10,21,65,12,7,44,86,0.252,0.315,0.454,0.769,114,0.347,114,234,4,4,2,2,8,*9/H7,,kirklwi01
51,Joe Cunningham*,28,STL,NL,1.1,139,563,492,68,138,28,3,6,39,1,7,59,59,0.28,0.363,0.386,0.749,99,0.346,103,190,8,6,3,3,4,*93H,,cunnijo01
52,Frank Robinson,24,CIN,NL,6.2,139,562,464,86,138,33,6,31,83,13,6,82,67,0.297,0.407,0.595,1.002,169,0.446,177,276,18,9,0,7,6,37H/5,MVP-20,robinfr02
53,Maury Wills#,27,LAD,NL,2.5,148,559,516,75,152,15,2,0,27,50,12,35,47,0.295,0.342,0.331,0.673,81,0.332,81,171,11,3,3,2,8,*6/H,MVP-17,willsma01
54,Gus Bell*,31,CIN,NL,0.4,143,554,515,65,135,19,5,12,62,4,3,29,40,0.262,0.3,0.388,0.688,86,0.316,84,200,7,1,4,5,3,*97H/8,,bellgu01
55,Charlie Maxwell*,33,DET,AL,1.9,134,549,482,70,114,16,5,24,81,5,0,58,75,0.237,0.325,0.44,0.765,102,0.357,101,212,4,6,1,2,6,*7H,MVP-28,maxwech01
56,Wally Moon*,30,LAD,NL,3.8,138,547,469,74,140,21,6,13,69,6,10,67,53,0.299,0.383,0.452,0.835,123,0.375,126,212,21,1,4,6,4,*79H,GG,moonwa01
57,Charlie Neal,29,LAD,NL,0.3,139,547,477,60,122,23,2,8,40,5,5,48,75,0.256,0.321,0.363,0.684,83,0.323,85,173,18,1,14,7,2,*4/6H,ASAS,nealch01
58,Willie Tasby,27,2TM,AL,-0.1,144,546,470,77,126,19,2,7,40,4,1,60,66,0.268,0.358,0.362,0.719,94,0.344,95,170,11,6,8,1,1,*897H,,tasbywi01
58,Willie Tasby,27,BAL,AL,-0.4,39,97,85,9,18,2,1,0,3,1,0,9,12,0.212,0.295,0.259,0.554,52,0.264,39,22,2,1,1,0,1,97/8H,,tasbywi01
58,Willie Tasby,27,BOS,AL,0.3,105,449,385,68,108,17,1,7,37,3,1,51,54,0.281,0.371,0.384,0.755,103,0.361,107,148,9,5,7,1,0,8/H,,tasbywi01
59,Eddie Kasko,29,CIN,NL,3.6,126,537,479,56,140,21,1,6,51,9,9,46,37,0.292,0.359,0.378,0.737,101,0.347,108,181,9,6,2,4,0,546/H,,kaskoed01
60,Harvey Kuenn,29,CLE,AL,2.4,126,537,474,65,146,24,0,9,54,3,0,55,25,0.308,0.379,0.416,0.795,118,0.377,123,197,10,1,4,3,6,*9/5H78,ASASMVP-24,kuennha01
61,Johnny Logan,34,MLN,NL,1.5,136,537,482,52,118,14,4,7,42,1,1,43,40,0.245,0.309,0.334,0.643,83,0.3,81,161,10,2,9,1,6,*6,,loganjo01
62,Bob Will*,28,CHC,NL,0.6,138,534,475,58,121,20,9,6,53,1,5,47,54,0.255,0.321,0.373,0.694,92,0.321,93,177,10,1,8,3,3,*9H/7,,willbo01
63,Earl Battey,25,WSH,AL,3.2,137,530,466,49,126,24,2,15,60,4,5,48,68,0.27,0.346,0.427,0.773,107,0.356,107,199,15,8,4,4,5,*2/H,MVP-8GG,batteea01
64,Gene Woodling*,37,BAL,AL,3.1,140,529,435,68,123,18,3,11,62,3,0,84,40,0.283,0.401,0.414,0.815,123,0.384,127,180,5,4,3,3,7,*7H/9,MVP-24,woodlge01
65,Roy Sievers,33,CHW,AL,3.6,127,525,444,87,131,22,0,28,93,1,1,74,69,0.295,0.396,0.534,0.93,150,0.425,156,237,13,3,0,4,8,*3H/7,MVP-7,sievero01
66,Ken Aspromonte,28,2TM,AL,2.6,121,524,462,65,133,20,1,10,48,4,1,53,33,0.288,0.362,0.4,0.762,109,0.37,119,185,11,2,4,3,0,45/H,,asproke01
66,Ken Aspromonte,28,WSH,AL,,4,3,3,0,0,0,0,0,0,0,0,0,1,0,0,0,0,-100,0,-152,0,0,0,0,0,0,/H,,asproke01
66,Ken Aspromonte,28,CLE,AL,2.6,117,521,459,65,133,20,1,10,48,4,1,53,32,0.29,0.364,0.403,0.767,111,0.372,120,185,11,2,4,3,0,45/H,,asproke01
67,Jim Piersall,30,CLE,AL,3.2,138,523,486,70,137,12,4,18,66,18,5,24,38,0.282,0.313,0.434,0.747,103,0.347,102,211,17,0,8,4,3,*8/7H9,MVP-28,piersji01
68,Harmon Killebrew,24,WSH,AL,3.1,124,518,442,84,122,19,1,31,80,1,0,71,106,0.276,0.375,0.534,0.909,142,0.414,146,236,10,1,0,3,3,35/H,,killeha01
69,Ed Bailey*,29,CIN,NL,3.3,133,511,441,52,115,19,3,13,67,1,0,59,70,0.261,0.346,0.406,0.752,104,0.342,101,179,9,2,1,7,9,*2/H,ASAS,baileed01
70,Reno Bertoia,25,WSH,AL,0.2,121,511,460,44,122,17,7,4,45,3,5,26,58,0.265,0.313,0.359,0.672,80,0.314,77,165,11,8,13,4,2,*54/H,,bertore01
71,Frank Thomas,31,CHC,NL,-0.6,135,509,479,54,114,12,1,21,64,1,0,28,74,0.238,0.28,0.399,0.678,85,0.315,86,191,12,0,1,1,4,375H/9,,thomafr03
72,Bobby Richardson,24,NYY,AL,0.7,150,507,460,45,116,12,3,1,26,6,6,35,19,0.252,0.303,0.298,0.601,67,0.296,71,137,7,0,9,3,6,*45/H,,richabo01
73,Gene Freese,26,CHW,AL,2.6,127,501,455,60,124,32,6,17,79,10,6,29,65,0.273,0.312,0.481,0.794,112,0.363,112,219,15,1,8,8,2,*5/H,,freesge02
74,Don Buddin,26,BOS,AL,-0.1,124,500,428,62,105,21,5,6,36,4,2,62,59,0.245,0.338,0.36,0.698,87,0.332,88,154,14,1,3,6,5,*6/H,,buddido01
75,Chico Fernández,28,DET,AL,0,133,497,435,44,105,13,3,4,35,13,4,39,50,0.241,0.303,0.313,0.616,65,0.292,55,136,16,1,19,3,4,*6/H,,fernach01
76,Norm Larker*,29,LAD,NL,2.7,133,493,440,56,142,26,3,5,78,1,0,36,24,0.323,0.368,0.43,0.798,113,0.368,116,189,9,1,7,9,2,*3H/7,ASASMVP-15,larkeno01
77,Julián Javier,23,STL,NL,0.5,119,488,451,55,107,19,8,4,21,19,4,21,72,0.237,0.273,0.341,0.614,62,0.3,60,154,7,1,15,0,1,*4,,javieju01
78,Vic Wertz*,35,BOS,AL,0.7,131,488,443,45,125,22,0,19,103,0,2,37,54,0.282,0.335,0.46,0.796,111,0.362,109,204,13,1,1,5,4,*3H,MVP-14,wertzvi01
79,Frank Howard,23,LAD,NL,1.9,117,487,448,54,120,15,2,23,77,0,1,32,108,0.268,0.32,0.464,0.784,107,0.351,105,208,8,3,2,2,1,*97/3H,ROY-1,howarfr01
80,Sherm Lollar,35,CHW,AL,1.5,129,484,421,43,106,23,0,7,46,2,0,42,39,0.252,0.326,0.356,0.682,85,0.324,82,150,22,8,5,8,3,*2/H,ASAS,lollash01
81,Ken Hamlin,25,KCA,AL,-2.6,140,483,428,51,96,10,2,2,24,1,1,44,48,0.224,0.297,0.271,0.568,55,0.282,53,116,13,1,8,2,1,*6/H,,hamlike01
82,Dick Stuart,27,PIT,NL,0.7,122,483,438,48,114,17,5,23,83,0,0,39,107,0.26,0.317,0.479,0.797,114,0.352,109,210,15,0,1,5,5,*3H,,stuardi01
83,Héctor López,30,NYY,AL,1.8,131,469,408,66,116,14,6,9,42,1,1,46,64,0.284,0.361,0.414,0.775,114,0.367,120,169,7,4,9,2,0,*7H9/45,,lopezhe01
84,Dick Williams,31,KCA,AL,2.4,127,466,420,47,121,31,0,12,65,0,0,39,68,0.288,0.346,0.448,0.794,113,0.362,109,188,16,1,1,5,3,537H,,willidi02
85,Jim Gentile*,26,BAL,AL,3.1,138,464,384,67,112,17,0,21,98,0,0,68,72,0.292,0.403,0.5,0.903,145,0.408,145,192,8,7,0,5,5,*3H,ASASMVP-15ROY-2,gentiji01
86,Bill Virdon*,29,PIT,NL,3.1,120,454,409,60,108,16,9,8,40,8,2,40,44,0.264,0.326,0.406,0.732,99,0.343,102,166,4,0,0,5,2,*8H,,virdobi01
87,Ken Walters,26,PHI,NL,-0.4,124,451,426,42,102,10,0,8,37,4,3,16,50,0.239,0.266,0.319,0.585,61,0.271,54,136,11,1,4,4,3,*9H/78,,walteke01
88,Roy McMillan,30,CIN,NL,1.6,124,449,399,42,94,12,2,10,42,2,0,35,40,0.236,0.301,0.351,0.652,77,0.314,79,140,10,4,6,4,5,*64/H,,mcmilro01
89,Curt Flood,22,STL,NL,-0.1,140,443,396,37,94,20,1,8,38,0,3,35,54,0.237,0.303,0.354,0.656,74,0.298,66,140,12,4,4,4,7,*8H/75,,floodcu01
90,Eddie Bressoud,28,SFG,NL,1.8,116,432,386,37,87,19,6,9,43,1,2,35,72,0.225,0.29,0.376,0.665,86,0.304,83,145,10,2,3,5,12,*6/H,,bressed01
91,Clete Boyer,23,NYY,AL,2.5,124,431,393,54,95,20,1,14,46,2,3,23,85,0.242,0.285,0.405,0.69,89,0.317,86,159,7,3,7,5,1,56/H,,boyercl02
92,Woodie Held,28,CLE,AL,3.9,109,430,376,45,97,15,1,21,67,0,1,44,73,0.258,0.342,0.471,0.813,121,0.37,120,177,5,5,3,2,5,*6,,heldwo01
93,Norm Cash*,26,DET,AL,2.9,121,428,353,64,101,16,3,18,63,4,2,65,58,0.286,0.402,0.501,0.903,140,0.415,144,177,0,6,0,4,1,3H/79,,cashno01
94,Ed Bouchee*,27,2TM,NL,-0.1,120,428,364,34,88,15,1,5,52,2,0,54,62,0.242,0.339,0.33,0.668,86,0.314,84,120,4,3,0,7,6,3H,,bouched01
94,Ed Bouchee*,27,PHI,NL,0,22,76,65,1,17,4,0,0,8,0,0,9,11,0.262,0.355,0.323,0.678,89,0.33,96,21,1,1,0,1,2,3/H,,bouched01
94,Ed Bouchee*,27,CHC,NL,-0.1,98,352,299,33,71,11,1,5,44,2,0,45,51,0.237,0.335,0.331,0.666,85,0.31,81,99,3,2,0,6,4,3H,,bouched01
95,Johnny Temple,32,CLE,AL,0.2,98,425,381,50,102,13,1,2,19,11,5,32,20,0.268,0.326,0.323,0.649,79,0.322,85,123,8,1,11,0,0,45/H,,templjo01
96,Gus Triandos,29,BAL,AL,1.5,109,413,364,36,98,18,0,12,54,0,0,41,62,0.269,0.343,0.418,0.761,106,0.361,111,152,11,1,5,2,5,*2/H,,triangu01
97,Jim Davenport,26,SFG,NL,1.1,112,405,363,43,91,15,3,6,38,0,2,26,58,0.251,0.306,0.358,0.664,87,0.307,85,130,8,4,9,2,1,5H/6,,davenji01
98,Yogi Berra*,35,NYY,AL,2.2,120,404,359,46,99,14,1,15,62,2,1,38,23,0.276,0.347,0.446,0.792,118,0.363,118,160,11,3,0,4,6,2H79,ASASMVP-15,berrayo01
99,Don Zimmer,29,CHC,NL,1.2,132,402,368,37,95,16,7,6,35,8,6,27,56,0.258,0.307,0.389,0.696,91,0.309,83,143,9,0,5,2,4,45H/67,,zimmedo01
100,Ted Williams*,41,BOS,AL,3.1,113,390,310,56,98,15,0,29,72,1,1,75,41,0.316,0.451,0.645,1.096,190,0.474,189,200,7,3,0,2,7,7H,ASASMVP-13,willite01
101,Lenny Green*,27,WSH,AL,1.9,127,387,330,62,97,16,7,5,33,21,8,43,25,0.294,0.383,0.43,0.814,119,0.378,121,142,5,6,6,2,4,8H7,,greenle01
102,Gil McDougald,32,NYY,AL,3.1,119,387,337,54,87,16,4,8,34,2,4,38,45,0.258,0.337,0.401,0.737,104,0.343,106,135,4,3,7,2,0,54H,,mcdougi01
103,Ron Santo,20,CHC,NL,0.9,95,382,347,44,87,24,2,9,44,0,3,31,44,0.251,0.311,0.409,0.72,97,0.334,103,142,9,0,2,2,5,5/H,ROY-4,santoro01
104,Russ Nixon*,25,2TM,AL,0.6,105,382,354,30,101,22,3,6,39,0,2,19,29,0.285,0.324,0.415,0.739,98,0.331,89,147,13,2,5,2,5,2H,,nixonru01
104,Russ Nixon*,25,CLE,AL,0.1,25,92,82,6,20,5,0,1,6,0,1,6,6,0.244,0.308,0.341,0.649,78,0.285,62,28,3,2,1,1,2,2/H,,nixonru01
104,Russ Nixon*,25,BOS,AL,0.5,80,290,272,24,81,17,3,5,33,0,1,13,23,0.298,0.329,0.438,0.766,104,0.345,97,119,10,0,4,1,3,2H,,nixonru01
105,Andy Carey,28,2TM,AL,0.3,106,379,346,31,81,14,4,12,54,0,0,26,53,0.234,0.287,0.402,0.689,84,0.328,85,139,16,1,3,3,0,5H/7,,careyan01
105,Andy Carey,28,NYY,AL,0,4,3,3,1,1,0,0,0,1,0,0,0,1,0.333,0.333,0.333,0.667,86,0.307,76,1,0,0,0,0,0,/5H7,,careyan01
105,Andy Carey,28,KCA,AL,0.3,102,376,343,30,80,14,4,12,53,0,0,26,52,0.233,0.287,0.402,0.689,84,0.328,85,138,16,1,3,3,0,5H,,careyan01
106,Stan Musial*,39,STL,NL,1.9,116,378,331,49,91,17,1,17,63,1,1,41,34,0.275,0.354,0.486,0.841,121,0.377,122,161,5,2,0,4,7,7H3/9,ASASMVP-16,musiast01
107,Smoky Burgess*,33,PIT,NL,3.3,110,376,337,33,99,15,2,7,39,0,1,35,13,0.294,0.356,0.412,0.769,110,0.358,115,139,6,0,0,4,12,2H,ASASMVP-20,burgesm01
108,Bob Schmidt,27,SFG,NL,0.5,110,375,344,31,92,12,1,8,37,0,3,26,51,0.267,0.317,0.378,0.695,95,0.321,98,130,8,0,3,2,4,*2/H,,schmibo02
109,Tommy Davis,21,LAD,NL,2.3,110,374,352,43,97,18,1,11,44,6,2,13,35,0.276,0.302,0.426,0.728,93,0.341,96,150,6,2,3,4,2,8H79/5,ROY-5,davisto02
110,Wally Post,30,2TM,NL,2.6,111,374,333,47,94,20,1,19,50,0,2,37,75,0.282,0.35,0.52,0.87,134,0.383,135,173,12,0,0,4,4,79H,,postwa01
110,Wally Post,30,PHI,NL,0.6,34,94,84,11,24,6,1,2,12,0,0,9,24,0.286,0.351,0.452,0.803,120,0.353,112,38,1,0,0,1,1,7H/9,,postwa01
110,Wally Post,30,CIN,NL,2.1,77,280,249,36,70,14,0,17,38,0,2,28,51,0.281,0.35,0.542,0.892,139,0.394,143,135,11,0,0,3,3,79H,,postwa01
111,George Altman*,27,CHC,NL,1.2,119,373,334,50,89,16,4,13,51,4,3,32,67,0.266,0.33,0.455,0.785,115,0.347,111,152,4,1,2,3,6,87H93,,altmage01
112,Al Dark,38,2TM,NL,0.3,105,373,339,45,90,11,3,4,32,1,1,26,27,0.265,0.321,0.351,0.672,88,0.31,85,119,8,3,2,3,4,57H3/4,,darkal01
112,Al Dark,38,PHI,NL,-0.1,55,221,198,29,48,5,1,3,14,1,1,19,14,0.242,0.315,0.323,0.638,77,0.307,79,64,5,2,2,0,2,5/H3,,darkal01
112,Al Dark,38,MLN,NL,0.3,50,152,141,16,42,6,2,1,18,0,0,7,13,0.298,0.329,0.39,0.719,104,0.315,92,55,3,1,0,3,2,7H3/54,,darkal01
113,Hal Smith,29,STL,NL,-0.1,127,370,337,20,77,16,0,2,28,1,0,29,33,0.228,0.291,0.294,0.585,56,0.269,41,99,12,1,1,1,13,*2/H,,smithha09
114,Bobby Del Greco,27,PHI,NL,2.1,100,363,300,48,71,16,4,10,26,1,5,54,64,0.237,0.355,0.417,0.772,112,0.354,118,125,4,1,8,0,0,8H/9,,delgrbo01
115,Joey Amalfitano,26,SFG,NL,1.8,106,361,328,47,91,15,3,1,27,2,3,26,31,0.277,0.335,0.351,0.686,94,0.322,97,115,5,3,3,1,1,54H/67,,amalfjo01
116,Elston Howard,31,NYY,AL,0.5,107,361,323,29,79,11,3,6,39,3,0,28,43,0.245,0.298,0.353,0.651,80,0.301,70,114,8,0,2,8,7,2H/7,ASAS,howarel01
117,John Romano,25,CLE,AL,2.4,108,361,316,40,86,12,2,16,52,0,0,37,50,0.272,0.349,0.475,0.824,124,0.378,125,150,7,3,0,5,4,2H,,romanjo01
118,Tony González*,23,2TM,NL,0.8,117,360,340,37,93,22,6,9,47,3,2,15,74,0.274,0.311,0.453,0.764,107,0.357,114,154,6,4,0,1,0,89H/7,,gonzato01
118,Tony González*,23,CIN,NL,-0.7,39,105,99,10,21,5,1,3,14,1,0,4,27,0.212,0.248,0.374,0.621,66,0.286,59,37,2,1,0,1,0,9H,,gonzato01
118,Tony González*,23,PHI,NL,1.5,78,255,241,27,72,17,5,6,33,2,2,11,47,0.299,0.337,0.485,0.823,124,0.386,137,117,4,3,0,0,0,8H/97,,gonzato01
119,Felipe Alou,25,SFG,NL,1.4,106,347,322,48,85,17,3,8,44,10,2,16,42,0.264,0.299,0.41,0.709,98,0.344,108,132,9,2,3,4,1,79H/8,,aloufe01
120,Billy Martin,32,CIN,NL,-1.4,103,347,317,34,78,17,1,3,16,0,1,27,34,0.246,0.304,0.334,0.639,74,0.289,64,106,11,0,2,1,5,4/H,,martibi02
121,Gene Stephens*,27,2TM,AL,1.4,119,346,302,47,71,15,0,7,22,9,3,39,47,0.235,0.322,0.354,0.676,83,0.339,94,107,0,1,1,3,0,*79H8,,stephge01
121,Gene Stephens*,27,BOS,AL,0,35,125,109,9,25,4,0,2,11,5,1,14,22,0.229,0.312,0.321,0.633,70,0.313,72,35,0,0,0,2,0,7/98H,,stephge01
121,Gene Stephens*,27,BAL,AL,1.4,84,221,193,38,46,11,0,5,11,4,2,25,25,0.238,0.327,0.373,0.7,91,0.354,106,72,0,1,1,1,0,97H8,,stephge01
122,Gino Cimoli,30,PIT,NL,-0.1,101,345,307,36,82,14,4,0,28,1,0,32,43,0.267,0.336,0.339,0.675,85,0.317,84,104,9,1,3,2,3,879H,,cimolgi01
123,Walt Moryn*,34,2TM,NL,0.8,113,344,309,36,81,8,3,13,46,2,1,30,57,0.262,0.323,0.434,0.756,102,0.331,91,134,8,0,0,5,4,79H,,morynwa01
123,Walt Moryn*,34,CHC,NL,0.5,38,123,109,12,32,4,0,2,11,2,1,13,19,0.294,0.366,0.385,0.751,108,0.342,105,42,2,0,0,1,0,7H/9,,morynwa01
123,Walt Moryn*,34,STL,NL,0.3,75,221,200,24,49,4,3,11,35,0,0,17,38,0.245,0.299,0.46,0.759,98,0.325,83,92,6,0,0,4,4,97H,,morynwa01
124,John Roseboro*,27,LAD,NL,0.6,103,340,287,22,61,15,3,8,42,7,6,44,53,0.213,0.323,0.369,0.693,85,0.312,78,106,1,4,3,2,6,2H/35,,rosebjo01
125,Bob Cerv,35,2TM,AL,2,110,338,294,46,74,12,2,14,40,0,0,40,53,0.252,0.346,0.449,0.795,117,0.383,129,132,8,3,0,1,3,7H/389,,cervbo01
125,Bob Cerv,35,KCA,AL,0.7,23,89,78,14,20,1,1,6,12,0,0,10,17,0.256,0.337,0.526,0.863,129,0.43,159,41,2,0,0,1,1,7/H,,cervbo01
125,Bob Cerv,35,NYY,AL,1.3,87,249,216,32,54,11,1,8,28,0,0,30,36,0.25,0.349,0.421,0.771,113,0.366,119,91,6,3,0,0,2,7H/389,,cervbo01
126,Johnny Callison*,21,PHI,NL,1.1,99,335,288,36,75,11,5,9,30,0,4,45,70,0.26,0.36,0.427,0.787,116,0.354,118,123,1,0,2,0,2,79H8,,callijo01
127,Lou Clinton,22,BOS,AL,0,96,332,298,37,68,17,5,6,37,4,3,20,66,0.228,0.278,0.379,0.657,74,0.33,86,113,13,3,5,6,1,9H,,clintlo01
128,Bubba Phillips,32,CLE,AL,-1.9,113,330,304,34,63,14,1,4,33,1,0,14,37,0.207,0.249,0.299,0.549,50,0.266,44,91,6,4,5,3,3,57H/986,,phillbu02
129,Russ Snyder*,26,KCA,AL,-0.4,125,329,304,45,79,10,5,4,26,7,3,20,28,0.26,0.306,0.365,0.671,81,0.311,75,111,4,1,2,2,1,9H78,,snyderu01
130,Harry Chiti,27,2TM,AL,-1.7,95,329,294,25,59,7,0,7,33,1,3,27,45,0.201,0.269,0.296,0.565,52,0.271,46,87,14,1,6,1,1,2/H,,chitiha01
130,Harry Chiti,27,KCA,AL,-0.6,58,213,190,16,42,7,0,5,28,1,0,17,33,0.221,0.288,0.337,0.625,68,0.305,68,64,8,1,5,0,0,2/H,,chitiha01
130,Harry Chiti,27,DET,AL,-1.2,37,116,104,9,17,0,0,2,5,0,3,10,12,0.163,0.235,0.221,0.456,23,0.21,7,23,6,0,1,1,1,2/H,,chitiha01
131,Julio Becquer*,28,WSH,AL,-1.1,110,314,298,41,75,15,7,4,35,1,3,12,35,0.252,0.282,0.389,0.671,79,0.311,75,116,15,1,2,1,3,3H/1,,becquju01
132,Pumpsie Green#,26,BOS,AL,0.2,133,313,260,36,63,10,3,3,21,3,4,44,47,0.242,0.35,0.338,0.688,85,0.326,85,88,8,1,1,4,2,46H,,greenpu01
133,Willie McCovey*,22,SFG,NL,1.7,101,307,260,37,62,15,3,13,51,1,1,45,53,0.238,0.349,0.469,0.818,128,0.376,135,122,3,0,0,2,4,3H,,mccovwi01
134,José Valdivielso,26,WSH,AL,-1.4,117,304,268,23,57,1,1,2,19,1,2,20,36,0.213,0.276,0.246,0.522,42,0.25,29,66,7,4,9,2,0,*6/H5,,valdijo01
135,Lee Walls,27,2TM,NL,-0.3,94,302,265,31,59,9,3,4,26,5,2,31,52,0.223,0.3,0.325,0.625,72,0.299,71,86,8,0,2,4,2,5H79/3,,wallsle01
135,Lee Walls,27,CIN,NL,0.6,29,103,84,12,23,3,2,1,7,2,0,17,20,0.274,0.392,0.393,0.785,115,0.37,118,33,4,0,1,1,1,79/H3,,wallsle01
135,Lee Walls,27,PHI,NL,-0.8,65,199,181,19,36,6,1,3,19,3,2,14,32,0.199,0.253,0.293,0.545,50,0.263,48,53,4,0,1,3,1,5H/739,,wallsle01
136,Wes Covington*,28,MLN,NL,-0.6,95,299,281,25,70,16,1,10,35,1,2,15,37,0.249,0.288,0.42,0.708,98,0.317,97,118,9,1,0,2,1,7H,,covinwe01
137,Whitey Herzog*,28,KCA,AL,1.4,83,295,252,43,67,10,2,8,38,0,1,40,32,0.266,0.364,0.417,0.781,111,0.372,119,105,6,0,1,2,2,97H/3,,herzowh01
138,Rubén Amaro Sr.,24,PHI,NL,-0.4,92,292,264,25,61,9,1,0,16,0,1,21,32,0.231,0.292,0.273,0.564,57,0.261,46,72,5,2,4,1,2,6,,amaroru01
139,Dan Dobbek*,25,WSH,AL,-0.4,110,288,248,32,54,8,2,10,30,4,3,35,41,0.218,0.316,0.387,0.703,88,0.328,86,96,5,1,3,1,7,8H97,,dobbeda01
140,Hal Smith,29,PIT,NL,2.1,77,286,258,37,76,18,2,11,45,1,1,22,48,0.295,0.351,0.508,0.859,131,0.381,132,131,6,2,1,3,0,2/H,,smithha08
141,Hank Bauer,37,KCA,AL,-1.7,95,285,255,30,70,15,0,3,31,1,0,21,36,0.275,0.326,0.369,0.695,87,0.32,82,94,11,1,3,5,1,9H,,bauerha01
142,Jimmie Coker,24,PHI,NL,-0.3,81,285,252,18,54,5,3,6,34,0,3,23,45,0.214,0.289,0.329,0.619,70,0.284,64,83,5,4,5,1,2,2/H,,cokerji01
143,Duke Snider*,33,LAD,NL,1.5,101,285,235,38,57,13,5,14,36,1,0,46,54,0.243,0.366,0.519,0.885,134,0.397,137,122,7,1,1,2,8,89H,,snidedu01
144,Marty Keough*,26,2TM,AL,-1,103,280,254,34,63,11,1,4,20,4,5,17,31,0.248,0.295,0.346,0.641,74,0.293,66,88,2,1,5,3,1,8H9/7,,keougma01
144,Marty Keough*,26,BOS,AL,-0.7,38,116,105,15,26,6,1,1,9,2,2,8,8,0.248,0.296,0.352,0.648,73,0.286,57,37,1,0,1,2,1,8H/7,,keougma01
144,Marty Keough*,26,CLE,AL,-0.3,65,164,149,19,37,5,0,3,11,2,3,9,23,0.248,0.294,0.342,0.636,74,0.298,72,51,1,1,4,1,0,H89/7,,keougma01
145,Lou Berberet*,30,DET,AL,0,85,278,232,18,45,4,0,5,23,2,0,41,31,0.194,0.313,0.276,0.589,59,0.284,52,64,6,1,0,4,4,2/H,,berbelo01
146,Gary Geiger*,23,BOS,AL,1.3,77,274,245,32,74,13,3,9,33,2,2,23,38,0.302,0.369,0.49,0.859,128,0.392,130,120,7,3,2,0,0,9H/87,,geigega01
147,Gordy Coleman*,25,CIN,NL,1.3,66,269,251,26,68,10,1,6,32,1,1,12,32,0.271,0.308,0.39,0.699,89,0.326,92,98,2,2,3,1,1,3,,colemgo01
148,Tony Curry*,22,PHI,NL,-1,95,265,245,26,64,14,2,6,34,0,2,16,53,0.261,0.308,0.408,0.716,96,0.316,88,100,1,1,1,1,2,7H9/8,,curryto01
149,Marv Throneberry*,26,KCA,AL,0.2,104,260,236,29,59,9,2,11,41,0,0,23,60,0.25,0.315,0.445,0.76,103,0.351,102,105,7,0,0,1,1,3H,,thronma01
150,Jerry Kindall,25,CHC,NL,-0.2,89,257,246,17,59,16,2,2,23,4,3,5,52,0.24,0.253,0.346,0.598,64,0.265,49,85,7,0,3,2,3,4/H6,,kindaje01
151,Chuck Cottier,24,MLN,NL,-0.1,95,254,229,29,52,8,0,3,19,1,0,14,21,0.227,0.273,0.301,0.574,63,0.261,51,69,3,2,5,4,3,4H,,cottich01
152,Steve Bilko,31,DET,AL,-0.1,78,251,222,20,46,11,2,9,25,0,1,27,31,0.207,0.292,0.396,0.688,82,0.315,75,88,6,0,0,1,0,3H,,bilkost01
153,Red Wilson,31,2TM,AL,-0.9,77,249,222,22,48,7,0,2,24,3,0,22,21,0.216,0.286,0.275,0.561,52,0.269,41,61,4,1,1,3,2,2/H,,wilsore01
153,Red Wilson,31,DET,AL,-0.6,45,151,134,17,29,4,0,1,14,3,0,16,14,0.216,0.298,0.269,0.567,53,0.28,44,36,1,0,0,1,1,2,,wilsore01
153,Red Wilson,31,CLE,AL,-0.3,32,98,88,5,19,3,0,1,10,0,0,6,7,0.216,0.268,0.284,0.552,52,0.252,35,25,3,1,1,2,1,2/H,,wilsore01
154,Neil Chrisley*,28,DET,AL,0.3,96,246,220,27,56,10,3,5,24,2,0,19,26,0.255,0.311,0.395,0.707,87,0.327,82,87,5,1,2,4,0,H79/83,,chrisne01
155,André Rodgers,25,SFG,NL,0.2,81,246,217,22,53,8,5,2,22,1,1,24,44,0.244,0.325,0.355,0.68,92,0.314,90,77,7,3,0,2,4,65H/37,,rodgean01
156,Red Schoendienst#,37,MLN,NL,0.2,68,246,226,21,58,9,1,1,19,1,0,17,13,0.257,0.311,0.319,0.63,80,0.299,79,72,3,1,2,0,4,4/H,,schoere01
157,Pete Daley,30,KCA,AL,0.3,73,245,228,19,60,10,2,5,25,0,0,16,41,0.263,0.311,0.39,0.702,89,0.333,89,89,8,0,1,0,1,2H/7,,daleype01
158,Rocky Nelson*,35,PIT,NL,1.9,93,234,200,34,60,11,1,7,35,1,2,24,15,0.3,0.382,0.47,0.852,132,0.381,133,94,2,5,1,4,5,3H,,nelsoro01
159,Gil Hodges,36,LAD,NL,0.2,101,231,197,22,39,8,1,8,30,0,1,26,37,0.198,0.291,0.371,0.661,76,0.315,79,73,5,1,4,3,1,3H5,,hodgegi01
160,Bobby Smith,26,PHI,NL,1,98,230,217,24,62,5,2,4,27,2,3,10,28,0.286,0.317,0.382,0.7,92,0.324,95,83,6,0,3,0,1,7H/859,,smithbo04
161,Hobie Landrith*,30,SFG,NL,-0.1,71,218,190,18,46,10,0,1,20,1,1,23,11,0.242,0.321,0.311,0.631,79,0.287,70,59,5,0,3,2,2,2/H,,landrho01
162,Al Pilarcik*,29,BAL,AL,-0.6,104,217,194,30,48,5,1,4,17,0,2,15,16,0.247,0.313,0.345,0.658,79,0.31,78,67,4,4,3,1,2,9H/8,,pilaral01
163,Bob Nieman,33,STL,NL,0.9,81,215,188,19,54,13,5,4,31,0,1,24,31,0.287,0.372,0.473,0.845,123,0.389,131,89,5,2,0,1,1,7H/9,,niemabo01
164,Alex Grammas,34,STL,NL,0.6,102,213,196,20,48,4,1,4,17,0,1,12,15,0.245,0.29,0.337,0.627,66,0.293,62,66,8,1,3,1,1,645/H,,grammal01
165,Ted Kluszewski*,35,CHW,AL,0.4,81,206,181,20,53,9,0,5,39,0,1,22,10,0.293,0.364,0.425,0.789,114,0.357,109,77,3,0,0,3,5,H3,,kluszte01
166,Billy Consolo,25,WSH,AL,0.5,100,203,174,23,36,4,2,3,15,1,1,25,29,0.207,0.31,0.305,0.615,66,0.313,74,53,5,1,3,0,1,6H4/5,,consobi01
167,Carl Sawatski*,32,STL,NL,0.2,78,203,179,16,41,4,0,6,27,0,0,22,24,0.229,0.31,0.352,0.662,76,0.312,74,63,6,0,0,2,2,2H,,sawatca01
168,Walt Dropo,37,BAL,AL,0.1,79,201,179,16,48,8,0,4,21,0,1,20,19,0.268,0.343,0.38,0.723,97,0.341,99,68,9,1,0,1,0,3H/5,,dropowa01
169,Clint Courtney*,33,BAL,AL,0.4,83,196,154,14,35,3,0,1,12,0,1,30,14,0.227,0.374,0.266,0.641,78,0.315,80,41,5,8,1,3,3,2H,,courtcl01
170,Joe Koppe,29,PHI,NL,-1.1,58,195,170,13,29,6,1,1,13,3,2,23,47,0.171,0.272,0.235,0.507,41,0.24,30,40,2,1,0,1,3,6/H5,,koppejo01
171,Cal Neeman,31,2TM,NL,-0.3,68,193,173,13,31,7,2,4,13,0,0,16,47,0.179,0.257,0.312,0.569,56,0.268,52,54,5,2,2,0,2,2/H,,neemaca01
171,Cal Neeman,31,CHC,NL,-0.2,9,13,13,0,2,1,0,0,0,0,0,0,5,0.154,0.154,0.231,0.385,5,0.169,-20,3,0,0,0,0,0,/2,,neemaca01
171,Cal Neeman,31,PHI,NL,-0.1,59,180,160,13,29,6,2,4,13,0,0,16,42,0.181,0.264,0.319,0.583,60,0.275,57,51,5,2,2,0,2,2/H,,neemaca01
172,Danny Kravitz*,29,2TM,2LG,-0.9,67,193,181,17,41,7,2,4,14,0,0,12,21,0.227,0.275,0.354,0.628,69,0.294,61,64,6,0,0,0,1,2H,,kravida01
172,Danny Kravitz*,29,PIT,NL,-0.1,8,7,6,0,0,0,0,0,0,0,0,1,2,0,0.143,0,0.143,-57,0.101,-72,0,0,0,0,0,0,/H2,,kravida01
172,Danny Kravitz*,29,KCA,AL,-0.8,59,186,175,17,41,7,2,4,14,0,0,11,19,0.234,0.28,0.366,0.645,73,0.301,66,64,6,0,0,0,1,2H,,kravida01
173,Willie Jones,34,CIN,NL,0.5,79,184,149,16,40,7,0,3,27,1,0,31,16,0.268,0.388,0.376,0.764,109,0.35,108,56,2,0,1,3,3,5H/4,,joneswi01
174,Carroll Hardy,27,2TM,AL,-0.2,102,184,163,33,36,6,2,2,16,3,2,19,42,0.221,0.301,0.319,0.62,67,0.303,68,52,8,0,1,1,0,7H89,,hardyca01
174,Carroll Hardy,27,CLE,AL,-0.2,29,20,18,7,2,1,0,0,1,0,0,2,2,0.111,0.2,0.167,0.367,2,0.183,-13,3,1,0,0,0,0,H/879,,hardyca01
174,Carroll Hardy,27,BOS,AL,0,73,164,145,26,34,5,2,2,15,3,2,17,40,0.234,0.313,0.338,0.651,75,0.318,78,49,7,0,1,1,0,7H98,,hardyca01
175,Harry Anderson*,28,2TM,NL,-0.4,80,184,159,16,34,5,0,6,21,0,0,21,39,0.214,0.311,0.358,0.67,83,0.315,83,57,2,2,1,1,1,H37/9,,anderha02
175,Harry Anderson*,28,PHI,NL,-0.2,38,105,93,10,23,2,0,5,12,0,0,10,19,0.247,0.333,0.43,0.763,109,0.35,110,40,2,2,0,0,1,7H3,,anderha02
175,Harry Anderson*,28,CIN,NL,-0.2,42,79,66,6,11,3,0,1,9,0,0,11,20,0.167,0.282,0.258,0.54,48,0.269,48,17,0,0,1,1,0,H3/79,,anderha02
176,Jim Busby,33,2TM,AL,1,80,183,159,25,41,7,1,0,12,2,3,20,14,0.258,0.341,0.314,0.655,80,0.323,88,50,4,0,4,0,1,8H/27,,busbyji01
176,Jim Busby,33,BOS,AL,0,1,0,0,0,0,0,0,0,0,0,0,0,0,,,,,,,,0,0,0,0,0,0,/7,,busbyji01
176,Jim Busby,33,BAL,AL,1,79,183,159,25,41,7,1,0,12,2,3,20,14,0.258,0.341,0.314,0.655,80,0.323,88,50,4,0,4,0,1,8H/2,,busbyji01
177,Don Demeter,25,LAD,NL,1.2,64,181,168,23,46,7,1,9,29,0,1,8,34,0.274,0.306,0.488,0.794,109,0.357,110,82,1,1,1,3,1,8H/9,,demetdo01
178,Clay Dalrymple*,23,PHI,NL,0.6,82,180,158,11,43,6,2,4,21,0,0,15,21,0.272,0.343,0.411,0.754,107,0.336,99,65,4,3,2,2,4,H2,,dalrycl01
179,Faye Throneberry*,29,WSH,AL,-0.6,85,180,157,18,39,7,1,1,23,1,1,18,33,0.248,0.326,0.325,0.651,76,0.307,70,51,3,1,2,2,3,H97/8,,thronfa01
180,Miguel de la Hoz,21,CLE,AL,-0.1,49,178,160,20,41,6,2,6,23,0,0,9,12,0.256,0.29,0.431,0.721,96,0.317,82,69,7,1,2,6,0,6/5H,,dela_mi01
181,Jerry Lynch*,29,CIN,NL,0.5,102,178,159,23,46,8,2,6,27,0,0,16,25,0.289,0.356,0.478,0.834,125,0.369,121,76,2,1,1,1,3,H7/9,,lynchje01
182,Bob Johnson,24,KCA,AL,0.1,76,166,146,12,30,4,0,1,9,2,0,19,23,0.205,0.301,0.253,0.555,52,0.287,54,37,7,1,0,0,1,64H5,,johnsbo02
183,Ted Lepcio,30,PHI,NL,-0.4,69,163,141,16,32,7,0,2,8,0,3,17,41,0.227,0.315,0.319,0.634,75,0.278,67,45,4,2,1,2,1,56H/4,,lepcite01
184,Cliff Cook,23,CIN,NL,-0.5,54,161,149,9,31,7,0,3,13,0,0,8,51,0.208,0.247,0.315,0.562,52,0.28,55,47,1,0,3,1,1,5/H78,,cookcl01
185,Dick Gernert,31,2TM,2LG,0,73,161,146,14,39,7,0,1,16,1,0,14,24,0.267,0.331,0.336,0.667,83,0.316,81,49,6,0,1,0,0,H37,,gernedi01
185,Dick Gernert,31,CHC,NL,-0.1,52,107,96,8,24,3,0,0,11,1,0,10,19,0.25,0.321,0.281,0.602,69,0.285,62,27,5,0,1,0,0,H3/7,,gernedi01
185,Dick Gernert,31,DET,AL,0.1,21,54,50,6,15,4,0,1,5,0,0,4,5,0.3,0.352,0.44,0.792,110,0.377,117,22,1,0,0,0,0,3/7H,,gernedi01
186,Félix Mantilla,25,MLN,NL,-0.5,63,160,148,21,38,7,0,3,11,3,1,7,16,0.257,0.291,0.365,0.656,85,0.322,96,54,1,1,1,2,1,46H/87,,mantife01
187,Sammy Taylor*,27,CHC,NL,-0.1,74,160,150,14,31,9,0,3,17,0,1,6,18,0.207,0.241,0.327,0.567,55,0.277,62,49,5,1,1,1,0,2H,,taylosa02
188,Rip Repulski,31,2TM,2LG,-0.2,77,156,141,14,34,6,1,3,20,0,0,10,26,0.241,0.286,0.362,0.647,72,0.305,67,51,7,0,1,3,0,H7/9,,repulri01
188,Rip Repulski,31,LAD,NL,-0.1,4,5,5,0,1,0,0,0,0,0,0,0,1,0.2,0.2,0.2,0.4,8,0.181,-18,1,1,0,0,0,0,/9H,,repulri01
188,Rip Repulski,31,BOS,AL,-0.1,73,151,136,14,33,6,1,3,20,0,0,10,25,0.243,0.289,0.368,0.656,75,0.309,70,50,6,0,1,3,0,H7,,repulri01
189,Norm Sherry,28,LAD,NL,1.2,47,154,138,22,39,4,1,8,19,0,0,12,29,0.283,0.353,0.5,0.853,126,0.39,133,69,2,3,1,0,3,2/H,,sherrno01
190,Leo Cárdenas,21,CIN,NL,-0.3,48,153,142,13,33,2,4,1,12,0,0,6,32,0.232,0.264,0.324,0.587,59,0.272,52,46,1,0,5,0,0,6/H,,cardele01
191,Mel Roach,27,MLN,NL,0.7,48,152,140,12,42,12,0,3,18,0,0,6,19,0.3,0.329,0.45,0.779,119,0.366,130,63,10,1,3,2,1,74H/35,,roachme01
192,Walt Bond*,22,CLE,AL,0.7,40,149,131,19,29,2,1,5,18,4,1,13,14,0.221,0.302,0.366,0.668,83,0.318,80,48,2,3,0,2,2,98/H7,,bondwa01
193,Bobby Malkmus,28,PHI,NL,0,79,147,133,16,28,4,1,1,12,2,2,11,28,0.211,0.267,0.278,0.545,51,0.26,47,37,2,0,1,2,0,64H5,,malkmbo01
194,Hank Foiles,31,3TM,AL,0.7,56,147,131,15,37,4,0,1,10,1,0,11,15,0.282,0.338,0.336,0.674,84,0.334,88,44,2,0,5,0,1,2H,,foileha01
194,Hank Foiles,31,KCA,AL,0.3,6,10,7,1,4,0,0,0,1,0,0,3,2,0.571,0.7,0.571,1.271,248,0.585,266,4,0,0,0,0,0,/H2,,foileha01
194,Hank Foiles,31,CLE,AL,0.4,24,76,68,9,19,1,0,1,6,0,0,7,5,0.279,0.347,0.338,0.685,89,0.334,94,23,0,0,1,0,0,2/H,,foileha01
194,Hank Foiles,31,DET,AL,0.1,26,61,56,5,14,3,0,0,3,1,0,1,8,0.25,0.263,0.304,0.567,51,0.288,47,17,2,0,4,0,1,2/H,,foileha01
195,Joe Morgan*,29,2TM,2LG,-0.4,48,143,130,11,25,4,2,2,6,0,0,12,15,0.192,0.261,0.3,0.561,54,0.269,50,39,4,0,1,0,1,5H/9,,morgajo01
195,Joe Morgan*,29,PHI,NL,-0.9,26,89,83,5,11,2,2,0,2,0,0,6,11,0.133,0.191,0.205,0.396,9,0.189,-7,17,3,0,0,0,1,5/H,,morgajo01
195,Joe Morgan*,29,CLE,AL,0.5,22,54,47,6,14,2,0,2,4,0,0,6,4,0.298,0.377,0.468,0.845,131,0.402,143,22,1,0,1,0,0,5H/9,,morgajo01
196,Haywood Sullivan,29,BOS,AL,-1,52,141,124,9,20,1,0,3,10,0,0,16,24,0.161,0.255,0.242,0.497,34,0.247,26,30,3,0,0,1,2,2/H,,sulliha02
197,Pete Whisenant,30,3TM,2LG,-0.2,66,141,122,19,27,9,0,3,9,2,1,19,16,0.221,0.326,0.369,0.695,87,0.333,91,45,3,0,0,0,0,87H/9,,whisepe01
197,Pete Whisenant,30,2TM,AL,-0.2,65,140,121,19,27,9,0,3,9,2,1,19,16,0.223,0.329,0.372,0.7,88,0.335,93,45,3,0,0,0,0,87H/9,,whisepe01
197,Pete Whisenant,30,CIN,NL,,1,1,1,0,0,0,0,0,0,0,0,0,0,0,0,0,0,-100,0,-145,0,0,0,0,0,0,/H,,whisepe01
197,Pete Whisenant,30,CLE,AL,-0.1,7,6,6,0,1,0,0,0,0,0,0,0,2,0.167,0.167,0.167,0.333,-8,0.153,-33,1,0,0,0,0,0,/H7,,whisepe01
197,Pete Whisenant,30,WSH,AL,-0.1,58,134,115,19,26,9,0,3,9,2,1,19,14,0.226,0.336,0.383,0.718,93,0.343,98,44,3,0,0,0,0,87H/9,,whisepe01
198,Ozzie Virgil,28,DET,AL,0.4,62,140,132,16,30,4,2,3,13,1,1,4,14,0.227,0.248,0.356,0.604,59,0.286,53,47,2,0,3,1,1,5H/462,,virgioz01
199,Jim Marshall*,29,SFG,NL,0.2,75,136,118,19,28,2,2,2,13,0,1,17,24,0.237,0.331,0.339,0.67,89,0.316,93,40,4,0,0,1,1,H3/7,,marshji01
200,Elio Chacón,23,CIN,NL,-0.7,49,135,116,14,21,1,0,0,7,7,1,14,23,0.181,0.271,0.19,0.46,28,0.246,23,22,0,1,2,2,1,4/H9,,chacoel01
201,Earl Averill,28,2TM,2LG,-0.3,62,135,116,16,27,4,0,1,15,1,1,15,18,0.233,0.321,0.293,0.614,71,0.29,67,34,3,1,1,2,1,2H/57,,averiea02
201,Earl Averill,28,CHC,NL,-0.4,52,117,102,14,24,4,0,1,13,1,1,11,16,0.235,0.31,0.304,0.614,71,0.286,66,31,3,1,1,2,1,2H/57,,averiea02
201,Earl Averill,28,CHW,AL,0,10,18,14,2,3,0,0,0,2,0,0,4,2,0.214,0.389,0.214,0.603,69,0.314,77,3,0,0,0,0,0,/H2,,averiea02
202,Dave Nicholson,20,BAL,AL,-0.8,54,133,113,17,21,1,1,5,11,0,2,20,55,0.186,0.308,0.345,0.653,78,0.299,73,39,2,0,0,0,0,7H9,,nichoda01
203,Bobby Thomson,36,2TM,AL,0.4,43,133,120,12,30,3,1,5,20,0,1,11,18,0.25,0.308,0.417,0.725,93,0.358,107,50,5,0,0,2,0,H78/93,,thomsbo01
203,Bobby Thomson,36,BOS,AL,0.7,40,127,114,12,30,3,1,5,20,0,1,11,15,0.263,0.323,0.439,0.761,102,0.375,119,50,4,0,0,2,0,H87/93,,thomsbo01
203,Bobby Thomson,36,BAL,AL,-0.3,3,6,6,0,0,0,0,0,0,0,0,0,3,0,0,0,0,-100,0,-143,0,1,0,0,0,0,/79H,,thomsbo01
204,Joe Ginsberg*,33,2TM,AL,-0.3,42,125,105,11,27,5,0,0,15,1,0,16,9,0.257,0.358,0.305,0.662,82,0.316,77,32,2,1,2,1,1,2/H,,ginsbjo01
204,Joe Ginsberg*,33,BAL,AL,-0.3,14,37,30,3,8,1,0,0,6,0,0,6,1,0.267,0.389,0.3,0.689,91,0.324,84,9,1,0,1,0,1,2,,ginsbjo01
204,Joe Ginsberg*,33,CHW,AL,0.1,28,88,75,8,19,4,0,0,9,1,0,10,8,0.253,0.345,0.307,0.651,78,0.313,74,23,1,1,1,1,0,2/H,,ginsbjo01
205,Dave Philley#,40,3TM,2LG,-0.1,67,123,110,13,24,4,1,2,16,1,0,13,21,0.218,0.301,0.327,0.628,75,0.305,77,36,3,0,0,0,1,H7/593,,phillda01
205,Dave Philley#,40,2TM,NL,-0.5,53,85,76,7,15,2,0,1,11,0,0,9,16,0.197,0.282,0.263,0.546,54,0.252,44,20,3,0,0,0,1,H7/539,,phillda01
205,Dave Philley#,40,PHI,NL,0.1,14,18,15,2,5,2,0,0,4,0,0,3,2,0.333,0.444,0.467,0.911,152,0.394,144,7,1,0,0,0,1,H/379,,phillda01
205,Dave Philley#,40,SFG,NL,-0.6,39,67,61,5,10,0,0,1,7,0,0,6,14,0.164,0.239,0.213,0.452,29,0.216,19,13,2,0,0,0,0,H7/5,,phillda01
205,Dave Philley#,40,BAL,AL,0.4,14,38,34,6,9,2,1,1,5,1,0,4,5,0.265,0.342,0.471,0.813,119,0.421,148,16,0,0,0,0,0,/7H95,,phillda01
206,Al Spangler*,26,MLN,NL,1.2,101,122,105,26,28,5,2,0,6,6,2,14,17,0.267,0.355,0.352,0.708,102,0.334,103,37,1,1,1,1,1,7H/89,,spangal01
207,Dick Schofield#,25,PIT,NL,1.3,65,121,102,9,34,4,1,0,10,0,1,16,20,0.333,0.429,0.392,0.821,126,0.379,133,40,1,1,2,0,4,H64/5,,schofdi01
208,El Tappe,33,CHC,NL,0.8,51,121,103,11,24,7,0,0,3,0,1,11,12,0.233,0.313,0.301,0.614,71,0.302,78,31,2,1,6,0,1,2/H,,tappeel01
209,Leon Wagner*,26,STL,NL,0.2,39,118,98,12,21,2,0,4,11,0,1,17,17,0.214,0.333,0.357,0.69,84,0.321,83,35,1,1,0,1,3,7/H9,,wagnele01
210,Al Heist,32,CHC,NL,0.9,41,113,102,11,28,5,3,1,6,3,1,10,12,0.275,0.339,0.412,0.751,107,0.347,107,42,2,0,1,0,0,8H/7,,heistal01
211,Frank Lary,30,DET,AL,0.4,39,108,93,11,17,4,1,2,13,0,0,7,32,0.183,0.24,0.312,0.552,46,0.263,32,29,1,0,8,0,0,1/H,ASAS,laryfr01
212,Johnny Blanchard*,27,NYY,AL,0.1,53,107,99,8,24,3,1,4,14,0,0,6,17,0.242,0.292,0.414,0.707,94,0.333,95,41,2,1,1,0,1,2H,,blancjo01
213,Ray Boone,36,2TM,2LG,-0.2,41,107,90,9,19,2,0,1,15,0,0,16,16,0.211,0.327,0.267,0.594,63,0.288,59,24,2,0,0,1,0,3H,,boonera01
213,Ray Boone,36,MLN,NL,0.3,7,17,12,3,3,1,0,0,4,0,0,5,1,0.25,0.471,0.333,0.804,134,0.39,146,4,0,0,0,0,0,/3H,,boonera01
213,Ray Boone,36,BOS,AL,-0.5,34,90,78,6,16,1,0,1,11,0,0,11,15,0.205,0.3,0.256,0.556,51,0.269,43,20,2,0,0,1,0,3H,,boonera01
214,Dale Long*,34,2TM,2LG,0.4,63,107,95,10,24,3,1,6,16,0,0,12,13,0.253,0.336,0.495,0.831,129,0.363,122,47,5,0,0,0,2,H3,,longda02
214,Dale Long*,34,SFG,NL,-0.2,37,61,54,4,9,0,0,3,6,0,0,7,7,0.167,0.262,0.333,0.596,67,0.267,55,18,3,0,0,0,1,H3,,longda02
214,Dale Long*,34,NYY,AL,0.6,26,46,41,6,15,3,1,3,10,0,0,5,6,0.366,0.435,0.707,1.142,211,0.492,210,29,2,0,0,0,1,H3,,longda02
215,Larry Jackson,29,STL,NL,0.4,52,106,95,10,20,0,1,0,3,0,0,6,21,0.211,0.257,0.232,0.489,31,0.247,24,22,1,0,5,0,0,1/H,ASAS,jacksla01
216,Joe Pignatano,30,LAD,NL,0.7,58,106,90,11,21,4,0,2,9,1,1,15,17,0.233,0.343,0.344,0.687,85,0.319,82,31,0,0,1,0,2,2H,,pignajo01
217,Bob Friend,29,PIT,NL,-0.7,38,105,88,5,6,1,0,0,3,0,0,6,31,0.068,0.128,0.08,0.207,-42,0.127,-71,7,3,0,11,0,0,1,ASAS,frienbo01
218,Vern Law,30,PIT,NL,0.6,35,105,94,10,17,5,2,1,7,0,0,2,19,0.181,0.196,0.309,0.504,35,0.268,45,29,1,0,7,1,0,1,ASASCYA-1MVP-6,lawve01
219,Warren Spahn*,39,MLN,NL,0.1,40,104,95,10,14,2,0,3,7,0,0,5,26,0.147,0.186,0.263,0.449,26,0.211,16,25,3,0,2,2,0,1,CYA-2MVP-14,spahnwa01
220,Moe Thacker,26,CHC,NL,-0.4,54,104,90,5,14,1,0,0,6,1,1,14,20,0.156,0.269,0.167,0.436,24,0.203,2,15,3,0,0,0,5,2/H,,thackmo01
221,Hal Naragon*,31,WSH,AL,-0.6,33,103,92,7,19,2,0,0,5,0,0,8,4,0.207,0.275,0.228,0.503,37,0.233,15,21,2,1,1,1,2,2/H,,naragha01
222,Lew Burdette,33,MLN,NL,0.4,46,102,91,11,16,3,0,2,4,0,0,7,22,0.176,0.24,0.275,0.515,46,0.237,35,25,2,1,2,1,0,1/H,,burdele01
223,Ed Sadowski,29,BOS,AL,-0.1,38,102,93,10,20,2,0,3,8,0,0,8,13,0.215,0.284,0.333,0.618,65,0.278,48,31,5,1,0,0,2,2/H,,sadowed01
224,Albie Pearson*,25,BAL,AL,0.2,48,101,82,17,20,2,0,1,6,4,0,17,3,0.244,0.37,0.305,0.675,86,0.355,100,25,3,0,1,1,0,H97/8,,pearsal02
225,Don Drysdale,23,LAD,NL,0.2,41,99,83,3,13,6,2,0,4,0,0,6,32,0.157,0.211,0.277,0.488,30,0.219,0,23,0,0,9,1,0,1,,drysddo01
226,Jim Perry#,24,CLE,AL,0.2,42,98,91,7,22,2,0,0,5,0,1,1,14,0.242,0.247,0.264,0.511,41,0.228,19,24,0,0,5,1,0,1/H,MVP-21,perryji01
227,Early Wynn#,40,CHW,AL,0.7,36,98,75,8,15,2,1,1,7,0,0,14,17,0.2,0.33,0.293,0.623,71,0.311,72,22,0,1,6,1,0,1,ASAS,wynnea01
228,Sandy Amorós*,30,2TM,2LG,-0.5,74,98,81,8,12,0,0,1,7,0,0,15,12,0.148,0.278,0.185,0.464,27,0.257,31,15,1,0,0,1,2,H8/97,,amorosa01
228,Sandy Amorós*,30,LAD,NL,-0.1,9,17,14,1,2,0,0,0,0,0,0,3,2,0.143,0.294,0.143,0.437,22,0.201,-10,2,0,0,0,0,1,/H98,,amorosa01
228,Sandy Amorós*,30,DET,AL,-0.4,65,81,67,7,10,0,0,1,7,0,0,12,10,0.149,0.275,0.194,0.469,28,0.268,39,13,1,0,0,1,1,H/87,,amorosa01
229,Bob Purkey,30,CIN,NL,-0.2,41,96,83,6,11,0,0,0,5,0,0,7,44,0.133,0.2,0.133,0.333,-7,0.176,-26,11,1,0,6,0,0,1,,purkebo01
230,Mike McCormick*,21,SFG,NL,0.3,40,95,88,4,16,4,0,0,3,0,0,2,35,0.182,0.2,0.227,0.427,20,0.224,21,20,1,0,5,0,0,1,ASAS,mccormi03
231,Willie Davis*,20,LAD,NL,1,22,94,88,12,28,6,1,2,10,3,5,4,12,0.318,0.348,0.477,0.825,119,0.389,147,42,1,0,2,0,2,8/H,,daviswi02
232,Dutch Dotterer,28,CIN,NL,0.3,33,94,79,4,18,5,0,2,11,0,1,13,10,0.228,0.337,0.367,0.704,92,0.318,88,29,2,0,2,0,0,2/H,,dottedu01
233,Glen Hobbie,24,CHC,NL,0,46,94,86,6,13,1,0,1,6,0,0,6,31,0.151,0.215,0.198,0.413,15,0.197,0,17,0,1,1,0,0,1,,hobbigl01
234,Pedro Ramos#,25,WSH,AL,-0.3,53,94,86,6,10,3,0,2,4,0,0,1,36,0.116,0.126,0.221,0.347,-8,0.165,-41,19,0,0,7,0,0,1H,,ramospe01
235,Jim Bunning,28,DET,AL,-0.2,38,93,81,2,13,1,0,0,4,0,2,3,22,0.16,0.188,0.173,0.361,-3,0.192,-15,14,1,0,8,1,0,1/H,MVP-24,bunniji01
236,Bob Buhl,31,MLN,NL,-0.3,36,92,89,4,14,0,0,0,4,0,0,0,40,0.157,0.157,0.157,0.315,-10,0.153,-29,14,2,0,3,0,0,1,ASAS,buhlbo01
237,Ray Herbert,30,KCA,AL,0.1,37,92,76,5,13,3,0,0,7,0,0,7,16,0.171,0.241,0.211,0.451,23,0.219,-1,16,1,0,9,0,0,1,,herbera01
238,Lee Maye*,25,MLN,NL,0.3,41,92,83,14,25,6,0,0,2,5,0,7,21,0.301,0.359,0.373,0.732,109,0.349,106,31,1,1,0,1,2,H7/9,,mayele01
239,Don Mincher*,22,WSH,AL,-0.4,27,92,79,10,19,4,1,2,5,0,1,11,11,0.241,0.33,0.392,0.722,94,0.325,86,31,5,0,1,1,0,3/H,,minchdo01
240,Elmer Valo*,39,2TM,AL,0.4,84,92,69,7,18,3,0,0,16,0,0,19,5,0.261,0.413,0.304,0.717,97,0.37,115,21,2,1,0,3,0,H/97,,valoel01
240,Elmer Valo*,39,NYY,AL,-0.1,8,7,5,1,0,0,0,0,0,0,0,2,1,0,0.286,0,0.286,-13,0.206,6,0,0,0,0,0,0,/H9,,valoel01
240,Elmer Valo*,39,WSH,AL,0.5,76,85,64,6,18,3,0,0,16,0,0,17,4,0.281,0.424,0.328,0.752,105,0.384,124,21,2,1,0,3,0,H/97,,valoel01
241,Bud Daley*,27,KCA,AL,0.2,37,91,75,10,12,2,0,0,5,0,0,10,12,0.16,0.259,0.187,0.445,23,0.224,6,14,1,0,6,0,0,1,ASASMVP-24,daleybu01
242,Billy Goodman*,34,CHW,AL,0.5,30,89,77,5,18,4,0,0,6,0,0,12,8,0.234,0.337,0.286,0.623,71,0.328,86,22,2,0,0,0,1,5/4H,,goodmbi01
243,Sam Jones,34,SFG,NL,0.3,39,89,80,3,16,2,0,0,5,0,0,1,20,0.2,0.207,0.225,0.432,22,0.228,21,18,0,0,7,1,0,1,,jonessa02
244,Robin Roberts#,33,PHI,NL,-0.2,35,89,79,6,12,1,0,0,4,1,1,6,26,0.152,0.212,0.165,0.376,6,0.179,-16,13,0,0,4,0,0,1,,roberro01
245,Bob Boyd*,40,BAL,AL,0.4,71,88,82,9,26,5,2,0,9,0,0,6,5,0.317,0.364,0.427,0.79,115,0.366,114,35,4,0,0,0,1,H3,,boydbo01
246,Sammy Esposito,28,CHW,AL,-0.4,57,88,77,14,14,5,0,1,11,0,0,10,20,0.182,0.273,0.286,0.558,52,0.269,44,22,3,0,0,1,1,5H6/4,,espossa01
247,Chuck Essegian,28,LAD,NL,0.1,52,88,79,8,17,3,0,3,11,0,0,8,24,0.215,0.284,0.367,0.651,73,0.299,66,29,0,0,0,1,1,H7/9,,essegch01
248,Jay Hook*,23,CIN,NL,-0.4,36,85,72,3,6,0,0,0,3,0,0,7,24,0.083,0.165,0.083,0.248,-30,0.143,-53,6,1,0,6,0,0,1,,hookja01
249,Jack Sanford,31,SFG,NL,0.2,37,85,74,8,13,1,0,0,5,0,0,5,26,0.176,0.228,0.189,0.417,19,0.198,-1,14,0,0,5,0,0,1,,sanfoja02
250,Johnny Podres*,27,LAD,NL,-0.2,34,83,66,3,9,0,0,0,3,0,0,5,15,0.136,0.205,0.136,0.342,-6,0.183,-33,9,0,1,10,1,0,1,ASAS,podrejo01
251,Bob Anderson,24,CHC,NL,0.1,39,82,71,4,12,0,0,0,1,0,0,4,26,0.169,0.221,0.169,0.39,10,0.199,-4,12,0,1,5,1,0,1/H,,anderbo01
252,Danny Murphy*,17,CHC,NL,-0.7,31,81,75,7,9,2,0,1,6,0,0,4,13,0.12,0.175,0.187,0.362,0,0.194,-2,14,2,1,1,0,0,8H/9,,murphda04
253,Bill Monbouquette,23,BOS,AL,-0.4,38,80,65,9,6,0,0,0,1,0,0,7,28,0.092,0.181,0.092,0.273,-24,0.16,-50,6,0,0,8,0,0,1/H,ASAS,monbobi01
254,Ernie Broglio,24,STL,NL,0.5,52,79,68,7,14,4,0,0,5,0,0,7,22,0.206,0.28,0.265,0.545,46,0.268,39,18,0,0,4,0,0,1,CYA-3MVP-9,brogler01
255,George Crowe*,39,STL,NL,0,73,79,72,5,17,3,0,4,13,0,0,5,16,0.236,0.278,0.444,0.723,89,0.31,72,32,4,0,0,2,1,H/3,,crowege01
256,Milt Pappas,21,BAL,AL,-0.7,30,79,70,4,3,0,0,1,3,0,0,4,34,0.043,0.095,0.086,0.18,-50,0.093,-91,6,0,0,5,0,0,1,,pappami01
257,Don Cardwell,24,2TM,NL,0.7,38,79,77,11,16,1,0,5,9,1,0,0,35,0.208,0.208,0.416,0.623,67,0.299,75,32,1,0,2,0,0,1/H,,cardwdo01
257,Don Cardwell,24,PHI,NL,0.3,5,10,8,2,2,0,0,2,3,0,0,0,5,0.25,0.25,1,1.25,225,0.528,274,8,0,0,2,0,0,/1,,cardwdo01
257,Don Cardwell,24,CHC,NL,0.4,33,69,69,9,14,1,0,3,6,1,0,0,30,0.203,0.203,0.348,0.551,49,0.272,52,24,1,0,0,0,0,1/H,,cardwdo01
258,Vinegar Bend Mizell,29,2TM,NL,-0.2,32,79,69,3,9,1,0,0,5,0,0,3,24,0.13,0.189,0.145,0.334,-8,0.176,-27,10,2,2,5,0,0,1,,mizelvi01
258,Vinegar Bend Mizell,29,STL,NL,-0.1,9,20,18,1,2,1,0,0,2,0,0,1,10,0.111,0.158,0.167,0.325,-14,0.153,-48,3,0,0,1,0,0,/1,,mizelvi01
258,Vinegar Bend Mizell,29,PIT,NL,-0.1,23,59,51,2,7,0,0,0,3,0,0,2,14,0.137,0.2,0.137,0.337,-6,0.184,-19,7,2,2,4,0,0,1,,mizelvi01
259,Chuck Estrada,22,BAL,AL,0.1,36,78,64,2,9,1,1,0,5,1,0,5,17,0.141,0.203,0.188,0.39,7,0.219,-4,12,1,0,9,0,0,1,ASASMVP-12ROY-2,estrach01
260,Earl Torgeson*,36,CHW,AL,0.8,68,78,57,12,15,2,0,2,9,1,0,21,8,0.263,0.462,0.404,0.865,137,0.432,159,23,0,0,0,0,2,H3,,torgeea01
261,Coot Veal,27,DET,AL,0.3,27,78,64,8,19,5,1,0,8,0,0,11,7,0.297,0.4,0.406,0.806,116,0.374,116,26,3,0,3,0,0,6/5H4,,vealco01
262,Bob Hale*,26,CLE,AL,0.2,70,77,70,2,21,7,0,0,12,0,0,3,6,0.3,0.312,0.4,0.712,94,0.321,84,28,0,0,0,4,1,H/3,,halebo01
263,Jim Pagliaroni,22,BOS,AL,0.7,28,77,62,7,19,5,2,2,9,0,0,13,11,0.306,0.434,0.548,0.983,162,0.451,172,34,0,1,1,0,0,2H,,pagliji01
264,Art Ditmar,31,NYY,AL,-0.3,36,76,69,2,11,2,0,0,2,0,0,4,14,0.159,0.205,0.188,0.394,10,0.189,-11,13,5,0,3,0,0,1/H,,ditmaar01
265,Billy Pierce*,33,CHW,AL,0,32,76,67,4,12,1,0,0,7,0,0,6,14,0.179,0.247,0.194,0.441,21,0.216,3,13,2,0,3,0,0,1,,piercbi02
266,Lou Johnson,25,CHC,NL,-0.1,34,75,68,6,14,2,1,0,1,3,1,5,19,0.206,0.27,0.265,0.535,49,0.259,41,18,2,1,1,0,1,9H/78,,johnslo01
267,Jim O'Toole#,23,CIN,NL,-0.4,34,75,66,3,7,0,0,0,2,0,0,2,30,0.106,0.132,0.106,0.238,-34,0.127,-69,7,1,0,7,0,0,1,,o'tooji01
268,Stan Williams,23,LAD,NL,0,38,74,64,7,9,1,0,2,7,0,0,3,35,0.141,0.179,0.25,0.429,14,0.209,-9,16,1,0,7,0,0,1,ASAS,willist02
269,Bob Shaw,27,CHW,AL,-0.1,36,72,58,4,8,1,0,0,2,0,0,6,12,0.138,0.215,0.155,0.371,2,0.2,-15,9,0,0,7,1,0,1,,shawbo01
270,Casey Wise#,27,DET,AL,-0.2,30,72,68,6,10,0,2,2,5,1,0,4,9,0.147,0.194,0.294,0.489,29,0.225,7,20,3,0,0,0,0,46/H5,,wiseca01
271,Harvey Haddix*,34,PIT,NL,0.6,29,71,67,7,17,4,0,0,7,0,0,3,15,0.254,0.282,0.313,0.595,63,0.281,59,21,1,0,0,1,0,1,GG,haddiha01
272,Jack Fisher,21,BAL,AL,0.3,40,70,60,7,11,1,0,1,4,1,0,6,25,0.183,0.258,0.25,0.508,39,0.247,23,15,1,0,4,0,0,1,,fisheja01
273,Kent Hadley*,25,NYY,AL,0.1,55,70,64,8,13,2,0,4,11,0,0,6,19,0.203,0.271,0.422,0.693,89,0.339,99,27,1,0,0,0,0,H3,,hadleke01
274,Billy O'Dell#,27,SFG,NL,0.2,49,70,56,8,6,0,0,0,0,1,1,11,19,0.107,0.254,0.107,0.361,6,0.221,22,6,0,0,3,0,0,1/H,,o'delbi01
275,Dick Hall,29,KCA,AL,-0.3,32,68,56,5,6,0,0,0,4,1,0,4,15,0.107,0.167,0.107,0.274,-24,0.16,-54,6,0,0,8,0,0,1/H,,halldi01
276,Tom Brewer,28,BOS,AL,0,45,66,62,5,12,1,0,1,2,0,1,1,16,0.194,0.206,0.258,0.464,24,0.225,19,16,1,0,3,0,0,1H,,breweto01
277,John Buzhardt,23,PHI,NL,0.1,32,66,62,7,10,0,1,0,1,0,0,1,29,0.161,0.172,0.194,0.365,1,0.193,-7,12,0,0,2,1,0,1/H,,buzhajo01
278,Gene Conley,29,PHI,NL,-0.1,29,66,63,3,8,2,0,1,5,0,0,0,14,0.127,0.141,0.206,0.347,-6,0.184,-13,13,2,1,2,0,0,1,,conlege01
279,Whitey Ford*,31,NYY,AL,0.2,33,66,53,4,8,2,0,0,3,0,0,9,14,0.151,0.274,0.189,0.463,31,0.236,22,10,0,0,4,0,0,1,ASAS,fordwh01
280,Charley Smith,22,LAD,NL,-0.7,18,66,60,2,10,1,1,0,5,0,0,1,15,0.167,0.172,0.217,0.389,3,0.17,-30,13,0,0,2,3,0,5,,smithch04
281,Sandy Koufax,24,LAD,NL,-0.4,37,64,57,1,7,0,0,0,1,0,0,3,28,0.123,0.167,0.123,0.289,-21,0.141,-57,7,1,0,4,0,0,1,,koufasa01
282,Bob Lillis,30,LAD,NL,0.3,48,64,60,6,16,4,0,0,6,2,0,2,6,0.267,0.29,0.333,0.624,67,0.313,69,20,2,0,2,0,1,6H5/4,,lillibo01
283,Steve Barber*,22,BAL,AL,-0.4,36,63,54,1,3,0,0,0,1,0,0,5,32,0.056,0.136,0.056,0.191,-46,0.124,-67,3,0,0,4,0,0,1,MVP-20,barbest01
284,Frank Baumann*,26,CHW,AL,0,47,62,52,2,8,1,0,0,6,0,1,9,25,0.154,0.274,0.173,0.447,24,0.221,17,9,0,0,0,1,0,1,,baumafr01
285,Don Newcombe*,34,2TM,2LG,0.1,48,62,56,1,11,2,0,0,2,0,0,4,15,0.196,0.25,0.232,0.482,33,0.243,27,13,0,0,2,0,0,1H,,newcodo01
285,Don Newcombe*,34,CIN,NL,-0.1,24,41,36,0,5,1,0,0,1,0,0,3,8,0.139,0.205,0.167,0.372,3,0.204,-3,6,0,0,2,0,0,1/H,,newcodo01
285,Don Newcombe*,34,CLE,AL,0.2,24,21,20,1,6,1,0,0,1,0,0,1,7,0.3,0.333,0.35,0.683,88,0.315,81,7,0,0,0,0,0,1/H,,newcodo01
286,Joe Christopher,24,PIT,NL,-0.1,50,61,56,21,13,2,0,1,3,1,0,5,8,0.232,0.295,0.321,0.617,69,0.318,81,18,0,0,0,0,0,H7/89,,chrisjo01
287,Mudcat Grant,24,CLE,AL,0.3,47,61,57,8,16,2,0,0,6,0,1,1,9,0.281,0.283,0.316,0.599,65,0.293,70,18,1,0,1,2,0,1H,,grantmu01
288,Charley Lau*,27,MLN,NL,0.1,21,61,53,4,10,2,0,0,2,0,0,6,10,0.189,0.271,0.226,0.498,43,0.262,52,12,0,0,2,0,1,2/H,,lauch01
289,Dick Ellsworth*,20,CHC,NL,-0.4,31,60,48,3,2,0,0,0,1,0,0,6,30,0.042,0.148,0.042,0.19,-44,0.112,-78,2,0,0,6,0,0,1,,ellswdi01
290,Camilo Pascual,26,WSH,AL,0.2,27,60,51,6,9,3,1,1,8,0,0,5,10,0.176,0.25,0.333,0.583,56,0.267,37,17,2,0,4,0,0,1/H,ASAS,pascuca02
291,Ray Sadecki*,19,STL,NL,0.1,29,60,57,5,12,0,0,0,2,0,0,1,6,0.211,0.224,0.211,0.435,16,0.215,1,12,0,0,2,0,0,1/H,,sadecra01
292,Jim Coates,27,NYY,AL,0.7,35,59,48,10,12,4,0,0,6,0,0,2,20,0.25,0.294,0.333,0.627,74,0.345,104,16,0,1,8,0,0,1,ASAS,coateji01
293,Floyd Robinson*,24,CHW,AL,0.1,22,59,46,7,13,0,0,0,1,2,3,11,8,0.283,0.431,0.283,0.714,98,0.371,130,13,0,1,1,0,0,9/H87,,robinfl01
294,Bob Turley,29,NYY,AL,-0.4,34,59,55,4,4,1,0,0,1,0,0,2,18,0.073,0.105,0.091,0.196,-45,0.113,-65,5,0,0,2,0,0,1,,turlebo01
295,Del Rice,37,3TM,2LG,-0.4,20,59,55,2,12,3,0,0,4,0,0,3,7,0.218,0.254,0.273,0.527,46,0.231,24,15,4,0,0,1,1,2,,ricede01
295,Del Rice,37,2TM,NL,-0.4,19,58,54,2,12,3,0,0,4,0,0,3,7,0.222,0.259,0.278,0.536,48,0.235,27,15,4,0,0,1,1,2,,ricede01
295,Del Rice,37,CHC,NL,-0.3,18,55,52,2,12,3,0,0,4,0,0,2,7,0.231,0.255,0.288,0.543,50,0.235,27,15,3,0,0,1,1,2,,ricede01
295,Del Rice,37,STL,NL,0,1,3,2,0,0,0,0,0,0,0,0,1,0,0,0.333,0,0.333,-2,0.236,21,0,1,0,0,0,0,/2,,ricede01
295,Del Rice,37,BAL,AL,0,1,1,1,0,0,0,0,0,0,0,0,0,0,0,0,0,0,-100,0,-145,0,0,0,0,0,0,/2,,ricede01
296,Gary Bell,23,CLE,AL,-0.1,30,58,47,6,7,1,0,0,3,1,0,2,9,0.149,0.2,0.17,0.37,3,0.204,-18,8,1,1,8,0,0,1/H,ASAS,bellga01
297,Hal Brown,35,BAL,AL,0.2,30,58,44,5,8,2,0,0,3,0,0,8,8,0.182,0.321,0.227,0.548,52,0.276,47,10,0,1,5,0,0,1,,brownha01
298,Joe Hicks*,27,CHW,AL,-1,36,58,47,3,9,1,0,0,2,0,1,6,3,0.191,0.291,0.213,0.504,39,0.241,28,10,1,1,3,1,0,H8/7,,hicksjo01
299,Ralph Terry,24,NYY,AL,-0.4,35,57,49,1,6,1,0,0,1,0,0,1,18,0.122,0.14,0.143,0.283,-21,0.132,-67,7,2,0,7,0,0,1,,terryra01
300,Bob Aspromonte,22,LAD,NL,-0.8,21,56,55,1,10,1,0,1,6,1,0,0,6,0.182,0.196,0.255,0.451,20,0.208,-2,14,1,1,0,0,0,6/H5,,asprobo01
301,Don Gile,25,BOS,AL,-0.4,29,55,51,6,9,1,1,1,4,0,0,1,13,0.176,0.189,0.294,0.483,27,0.284,51,15,1,0,2,1,0,23/H,,giledo01
302,Don Landrum*,24,STL,NL,0.6,13,55,49,7,12,0,1,2,3,3,0,4,6,0.245,0.315,0.408,0.723,91,0.374,108,20,0,1,1,0,0,Aug-97,,landrdo01
303,Carl Willey,29,MLN,NL,0,28,55,48,4,7,1,1,1,2,0,0,2,28,0.146,0.18,0.271,0.451,26,0.201,2,13,1,0,5,0,0,1,,willeca01
304,Don Mossi*,31,DET,AL,-0.1,23,54,43,0,5,0,0,0,2,0,0,7,12,0.116,0.255,0.116,0.371,3,0.204,-11,5,1,1,3,0,0,1,,mossido01
305,Billy Klaus*,31,BAL,AL,0.3,46,53,43,8,9,2,0,1,6,0,0,9,9,0.209,0.346,0.326,0.672,84,0.322,83,14,1,0,1,0,0,46/H5,,klausbi01
306,Curt Simmons*,31,2TM,NL,0.2,33,53,47,8,10,1,0,0,1,0,0,4,9,0.213,0.275,0.234,0.509,37,0.258,33,11,1,0,2,0,0,1/H,,simmocu01
306,Curt Simmons*,31,PHI,NL,0,4,0,0,0,0,0,0,0,0,0,0,0,0,,,,,,,,0,0,0,0,0,0,/1,,simmocu01
306,Curt Simmons*,31,STL,NL,0.2,29,53,47,8,10,1,0,0,1,0,0,4,9,0.213,0.275,0.234,0.509,37,0.258,33,11,1,0,2,0,0,1/H,,simmocu01
307,Joey Jay#,24,MLN,NL,0,32,52,45,2,7,0,0,0,1,0,0,3,23,0.156,0.204,0.156,0.36,4,0.191,-3,7,2,0,3,1,0,1,,jayjo01
308,Billy Williams*,22,CHC,NL,0.5,12,52,47,4,13,0,2,2,7,0,0,5,12,0.277,0.346,0.489,0.836,128,0.386,137,23,1,0,0,0,0,7,,willibi01
309,Charlie James,22,STL,NL,-0.4,43,51,50,5,9,1,0,2,5,0,0,1,12,0.18,0.196,0.32,0.516,34,0.246,27,16,0,0,0,0,0,7H/98,,jamesch01
310,Barry Latman,24,CLE,AL,0.1,31,50,41,2,9,1,0,0,4,0,0,2,12,0.22,0.256,0.244,0.5,38,0.235,12,10,0,0,7,0,0,1,,latmaba01
311,José Pagán,25,SFG,NL,0.1,18,50,49,8,14,2,2,0,2,2,2,1,6,0.286,0.3,0.408,0.708,97,0.32,101,20,2,0,0,0,0,6/H5,,paganjo01
312,Frank Torre*,28,MLN,NL,-0.6,21,50,44,2,9,1,0,0,5,0,0,3,2,0.205,0.245,0.227,0.472,35,0.207,11,10,1,0,1,2,1,3/H,,torrefr01
313,Ike Delock,30,BOS,AL,-0.3,24,49,43,3,5,0,0,0,0,0,0,0,15,0.116,0.116,0.116,0.233,-37,0.129,-79,5,0,0,6,0,0,1,,delocik01
314,Jack Kralick*,25,WSH,AL,-0.1,35,49,41,2,5,0,0,0,2,0,0,5,9,0.122,0.217,0.122,0.339,-6,0.178,-29,5,0,0,3,0,0,1,,kralija01
315,Jim Owens,26,PHI,NL,-0.4,31,49,44,0,3,0,0,0,1,0,0,2,17,0.068,0.109,0.068,0.177,-50,0.11,-73,3,2,0,3,0,0,1,,owensji01
316,Don Lee,26,WSH,AL,0.1,44,48,43,3,5,1,0,1,3,0,0,4,18,0.116,0.191,0.209,0.401,8,0.233,16,9,0,0,1,0,0,1,,leedo01
317,Frank Sullivan,30,BOS,AL,-0.1,40,48,40,3,5,0,0,0,2,0,0,4,11,0.125,0.205,0.125,0.33,-9,0.192,-23,5,1,0,4,0,0,1,,sullifr01
318,Hoyt Wilhelm,37,BAL,AL,-0.5,41,48,42,1,3,0,0,0,4,0,0,2,14,0.071,0.111,0.071,0.183,-49,0.093,-90,3,1,0,3,1,0,1,,wilheho01
319,Dick Brown,25,CHW,AL,-0.2,16,47,43,4,7,0,0,3,5,0,0,3,11,0.163,0.217,0.372,0.589,57,0.265,41,16,1,0,1,0,0,2/H,,browndi01
320,Bobby Locke,26,CLE,AL,0.4,35,47,38,7,9,1,0,0,4,0,0,6,7,0.237,0.341,0.263,0.604,69,0.295,64,10,0,0,3,0,0,1/H,,lockebo01
321,George Strickland,34,CLE,AL,-0.1,32,47,42,4,7,0,0,1,3,0,0,4,8,0.167,0.255,0.238,0.493,37,0.25,33,10,1,1,0,0,1,65/H4,,stricge01
322,Zoilo Versalles,20,WSH,AL,-0.1,15,47,45,2,6,2,2,0,4,0,0,2,5,0.133,0.17,0.267,0.437,16,0.215,5,12,0,0,0,0,0,6,,versazo01
323,Russ Kemmerer,29,2TM,AL,-0.5,39,46,33,1,0,0,0,0,1,0,0,4,15,0,0.105,0,0.105,-69,0.076,-133,0,2,0,8,1,0,1,,kemmeru01
323,Russ Kemmerer,29,WSH,AL,0,3,7,4,0,0,0,0,0,0,0,0,2,1,0,0.333,0,0.333,-2,0.241,10,0,0,0,1,0,0,/1,,kemmeru01
323,Russ Kemmerer,29,CHW,AL,-0.5,36,39,29,1,0,0,0,0,1,0,0,2,14,0,0.063,0,0.063,-81,0.045,-160,0,2,0,7,1,0,1,,kemmeru01
324,Bob Bruce,27,DET,AL,0,34,45,39,4,7,0,0,0,0,0,0,4,11,0.179,0.256,0.179,0.435,18,0.217,0,7,0,0,2,0,0,1/H,,brucebo01
325,Ron Fairly*,21,LAD,NL,-0.2,14,45,37,6,4,0,3,1,3,0,0,7,12,0.108,0.25,0.351,0.601,59,0.272,46,13,1,0,1,0,0,/97H,,fairlro01
326,Jim Hegan,39,CHC,NL,-0.1,24,45,43,4,9,2,1,1,5,0,0,1,10,0.209,0.244,0.372,0.617,68,0.273,56,16,2,1,0,0,0,2/H,,heganji01
327,Cal McLish#,34,CIN,NL,-0.5,37,45,41,1,2,0,0,0,1,0,0,1,14,0.049,0.07,0.049,0.119,-67,0.059,-112,2,1,0,1,1,0,1,,mclisca01
328,Billy Muffett,29,BOS,AL,0.3,23,45,41,5,11,1,0,0,3,0,0,3,15,0.268,0.318,0.293,0.611,65,0.288,54,12,1,0,1,0,0,1,,muffebi01
329,Roger Craig,30,LAD,NL,-0.2,21,43,36,2,2,0,0,0,2,0,0,4,16,0.056,0.15,0.056,0.206,-42,0.139,-60,2,1,0,3,0,0,1,,craigro01
330,Jim Delsing*,34,KCA,AL,0,16,43,40,2,10,3,0,0,5,0,0,3,5,0.25,0.302,0.325,0.627,70,0.313,75,13,0,0,0,0,0,/7H9,,delsiji01
331,Grady Hatton*,37,CHC,NL,-0.1,28,43,38,3,13,0,0,0,7,0,0,2,5,0.342,0.381,0.342,0.723,102,0.322,91,13,2,1,1,1,1,H/4,,hattogr01
332,Juan Pizarro*,23,MLN,NL,0.4,23,41,40,4,11,1,1,0,2,0,0,0,11,0.275,0.275,0.35,0.625,76,0.3,81,14,0,0,1,0,0,1/H,,pizarju01
333,Larry Sherry,24,LAD,NL,-0.1,57,41,37,1,6,0,1,1,2,0,0,1,7,0.162,0.184,0.297,0.482,26,0.212,-3,11,2,0,3,0,0,1,MVP-20,sherrla01
334,Dick Stigman,24,CLE,AL,0.2,41,41,36,3,8,1,0,0,3,0,0,3,12,0.222,0.3,0.25,0.55,53,0.266,45,9,0,1,1,0,0,1,ASAS,stigmdi01
335,Jerry Walker#,21,BAL,AL,0.7,35,41,38,6,14,2,0,0,3,0,0,2,6,0.368,0.4,0.421,0.821,124,0.377,123,16,0,0,1,0,0,1/H,,walkeje01
336,Gene Baker,35,PIT,NL,-0.3,33,40,37,5,9,0,0,0,4,0,0,2,9,0.243,0.275,0.243,0.518,43,0.239,28,9,1,0,0,1,0,H/54,,bakerge02
337,Leo Posada,26,KCA,AL,0.4,10,40,36,8,13,0,2,1,2,1,0,3,7,0.361,0.41,0.556,0.966,159,0.485,194,20,1,0,1,0,0,/97H,,posadle01
338,Irv Noren*,35,2TM,NL,-0.2,38,40,36,1,6,0,0,1,2,0,0,4,12,0.167,0.25,0.25,0.5,36,0.237,24,9,2,0,0,0,0,H/39,,norenir01
338,Irv Noren*,35,CHC,NL,-0.2,12,14,11,0,1,0,0,0,1,0,0,3,4,0.091,0.286,0.091,0.377,10,0.216,15,1,1,0,0,0,0,H/39,,norenir01
338,Irv Noren*,35,LAD,NL,,26,26,25,1,5,0,0,1,1,0,0,1,8,0.2,0.231,0.32,0.551,46,0.248,30,8,1,0,0,0,0,H,,norenir01
339,Bill Fischer,29,2TM,AL,0.4,40,39,30,4,7,1,0,1,2,0,0,5,6,0.233,0.343,0.367,0.71,91,0.332,87,11,0,0,4,0,0,1,,fischbi01
339,Bill Fischer,29,WSH,AL,0.1,20,23,19,2,3,0,0,1,1,0,0,2,6,0.158,0.238,0.316,0.554,48,0.257,28,6,0,0,2,0,0,1,,fischbi01
339,Bill Fischer,29,DET,AL,0.3,20,16,11,2,4,1,0,0,1,0,0,3,0,0.364,0.5,0.455,0.955,157,0.445,174,5,0,0,2,0,0,1,,fischbi01
340,Chuck Stobbs*,30,WSH,AL,-0.2,40,38,34,0,3,0,0,0,3,0,0,3,11,0.088,0.162,0.088,0.25,-31,0.133,-57,3,0,0,1,0,0,1,,stobbch01
341,Johnny Antonelli*,30,SFG,NL,0.2,42,37,34,2,8,0,1,0,1,1,0,2,6,0.235,0.278,0.294,0.572,61,0.268,51,10,2,0,1,0,0,1/H,,antonjo02
342,Dallas Green*,25,PHI,NL,0,24,37,34,2,7,1,0,0,2,0,0,1,9,0.206,0.229,0.235,0.464,28,0.212,5,8,0,0,2,0,0,1/H,,greenda02
343,Eddie Haas*,25,MLN,NL,0.1,32,37,32,4,7,2,0,1,5,0,0,5,14,0.219,0.324,0.375,0.699,98,0.345,114,12,0,0,0,0,0,H/79,,haased01
344,Ray Jablonski,33,KCA,AL,-0.3,21,37,32,3,7,1,0,0,3,0,0,4,8,0.219,0.297,0.25,0.547,50,0.262,39,8,1,0,0,1,0,H/5,,jablora01
345,Hal Woodeshick,27,WSH,AL,-0.3,41,37,29,0,2,0,0,0,0,0,0,2,12,0.069,0.129,0.069,0.198,-45,0.136,-80,2,1,0,6,0,0,1,,woodeha01
346,Jim Woods,20,PHI,NL,0,11,37,34,4,6,0,0,1,3,0,0,3,13,0.176,0.243,0.265,0.508,40,0.249,36,9,0,0,0,0,1,5,,woodsji01
347,Jerry Casale,26,BOS,AL,0.4,29,36,33,4,9,3,0,0,4,0,0,3,9,0.273,0.333,0.364,0.697,87,0.348,98,12,1,0,0,0,0,1,,casalje01
348,Joe DeMaestri,31,NYY,AL,-0.1,49,36,35,8,8,1,0,0,2,0,0,0,9,0.229,0.229,0.257,0.486,34,0.221,14,9,0,0,0,0,0,H46,,demaejo01
349,Ron Kline,28,STL,NL,-0.3,34,36,35,1,5,0,0,0,1,0,0,0,13,0.143,0.143,0.143,0.286,-24,0.129,-62,5,1,0,1,0,0,1,,klinero01
350,Juan Marichal,22,SFG,NL,0,11,36,31,3,4,0,0,0,1,0,1,3,7,0.129,0.229,0.129,0.358,4,0.171,-3,4,1,1,1,0,0,1,,maricju01
351,Art Mahaffey,22,PHI,NL,-0.4,14,35,30,1,3,0,0,0,1,0,0,0,8,0.1,0.1,0.1,0.2,-45,0.09,-106,3,1,0,5,0,0,1,ROY-3,mahafar01
352,Herb Score*,27,CHW,AL,-0.1,23,35,30,2,3,0,1,0,1,0,0,3,16,0.1,0.182,0.167,0.348,-5,0.2,-10,5,2,0,2,0,0,1,,scorehe01
353,John Powers*,30,2TM,AL,-0.1,18,35,30,5,4,1,1,0,0,0,0,5,3,0.133,0.257,0.233,0.49,35,0.267,45,7,1,0,0,0,0,H/97,,powerjo01
353,John Powers*,30,BAL,AL,-0.2,10,21,18,3,2,0,0,0,0,0,0,3,1,0.111,0.238,0.111,0.349,-1,0.236,22,2,0,0,0,0,0,/H9,,powerjo01
353,John Powers*,30,CLE,AL,0.1,8,14,12,2,2,1,1,0,0,0,0,2,2,0.167,0.286,0.417,0.702,91,0.314,79,5,1,0,0,0,0,/H79,,powerjo01
354,Pete Burnside,29,DET,AL,-0.1,31,34,27,2,4,0,0,0,1,0,0,2,6,0.148,0.207,0.148,0.355,-3,0.177,-46,4,0,0,5,0,0,1,,burnspe01
355,Ellis Burton#,23,STL,NL,-0.3,29,34,28,5,6,1,0,0,2,0,2,4,14,0.214,0.313,0.25,0.563,52,0.267,62,7,0,0,2,0,0,7H/89,,burtoel01
356,Ned Garver,34,KCA,AL,-0.2,28,34,27,2,2,1,0,0,0,0,0,3,4,0.074,0.167,0.111,0.278,-23,0.146,-61,3,0,0,4,0,0,1,,garvene01
357,Johnny Kucks,27,KCA,AL,0,31,34,30,4,4,0,0,0,1,0,0,1,9,0.133,0.161,0.133,0.295,-19,0.203,-13,4,0,0,3,0,0,1,,kucksjo01
358,Rocky Bridges,32,3TM,2LG,0.1,23,34,32,1,10,0,0,0,3,0,0,1,2,0.313,0.333,0.313,0.646,78,0.287,58,10,2,0,1,0,1,56/4H,,bridgro01
358,Rocky Bridges,32,2TM,AL,0.1,20,34,32,1,10,0,0,0,3,0,0,1,2,0.313,0.333,0.313,0.646,78,0.287,58,10,2,0,1,0,1,56/H,,bridgro01
358,Rocky Bridges,32,DET,AL,0,10,5,5,0,1,0,0,0,0,0,0,0,0,0.2,0.2,0.2,0.4,7,0.184,-18,1,1,0,0,0,0,/56H,,bridgro01
358,Rocky Bridges,32,CLE,AL,0.1,10,29,27,1,9,0,0,0,3,0,0,1,2,0.333,0.357,0.333,0.69,91,0.307,72,9,1,0,1,0,1,/65H,,bridgro01
358,Rocky Bridges,32,STL,NL,0,3,0,0,0,0,0,0,0,0,0,0,0,0,,,,,,,,0,0,0,0,0,0,/4,,bridgro01
359,Joe Azcue,20,CIN,NL,-0.4,14,33,31,1,3,0,0,0,3,0,1,2,6,0.097,0.152,0.097,0.248,-31,0.138,-35,3,0,0,0,0,0,2/H,,azcuejo01
360,Ken Johnson,27,KCA,AL,-0.1,42,33,30,2,5,1,0,0,3,0,0,0,11,0.167,0.167,0.2,0.367,-1,0.166,-41,6,1,0,3,0,0,1,,johnske02
361,John Glenn,31,STL,NL,-0.2,32,32,31,4,8,0,1,0,5,0,0,0,9,0.258,0.25,0.323,0.573,51,0.249,29,10,0,0,0,1,0,7/H89,,glennjo03
362,Ron Jackson,26,BOS,AL,-0.4,10,32,31,1,7,2,0,0,0,0,0,1,6,0.226,0.25,0.29,0.54,44,0.248,27,9,2,0,0,0,0,/3H,,jacksro01
363,Seth Morehead*,25,CHC,NL,-0.1,45,31,29,1,4,1,0,0,2,0,0,1,13,0.138,0.167,0.172,0.339,-6,0.188,-9,5,0,0,1,0,0,1,,morehse01
364,Hank Aguirre,29,DET,AL,-0.5,37,30,28,0,1,0,0,0,0,0,0,0,19,0.036,0.036,0.036,0.071,-81,0.033,-142,1,0,0,2,0,0,1,,aguirha01
365,Paul Foytack,29,DET,AL,0.3,29,30,25,4,7,1,0,0,4,0,0,3,9,0.28,0.357,0.32,0.677,82,0.321,76,8,0,0,2,0,0,1/H,,foytapa01
366,Stu Miller,32,SFG,NL,0.1,47,30,25,1,5,0,0,0,0,0,0,2,8,0.2,0.259,0.2,0.459,32,0.22,13,5,0,0,3,0,0,1,,millest01
367,Chuck Tanner*,31,CLE,AL,0.1,21,30,25,2,7,1,0,0,4,1,0,4,6,0.28,0.367,0.32,0.687,91,0.332,87,8,1,0,0,1,0,H/7,,tannech01
368,Bob Gibson,24,STL,NL,0,40,29,28,4,5,1,0,0,1,0,0,0,7,0.179,0.179,0.214,0.393,4,0.175,-29,6,0,0,1,0,0,1H,,gibsobo01
369,Ken Hunt,25,NYY,AL,0.1,25,29,22,4,6,2,0,0,1,0,0,4,4,0.273,0.407,0.364,0.771,116,0.368,121,8,0,1,2,0,0,7/8H9,,huntke01
370,Don Larsen,30,KCA,AL,0,23,29,29,3,6,1,0,0,3,0,0,0,11,0.207,0.207,0.241,0.448,21,0.203,-2,7,2,0,0,0,0,1/H,,larsedo01
371,Dick McAuliffe*,20,DET,AL,-0.1,8,29,27,2,7,0,1,0,1,0,0,2,6,0.259,0.31,0.333,0.644,72,0.297,61,9,1,0,0,0,0,/6H,,mcauldi01
372,Ed Roebuck,28,LAD,NL,0,58,29,24,3,4,1,0,0,1,0,0,1,8,0.167,0.2,0.208,0.408,10,0.188,-31,5,1,0,4,0,0,1/H,,roebued01
373,Tex Clevenger,27,WSH,AL,-0.1,53,28,22,0,2,0,0,0,1,0,0,2,11,0.091,0.167,0.091,0.258,-29,0.137,-75,2,0,0,4,0,0,1,,clevete01
374,Frank House*,30,CIN,NL,-0.3,23,28,28,0,5,2,0,0,3,0,0,0,2,0.179,0.179,0.25,0.429,15,0.189,-9,7,2,0,0,0,0,H/2,,housefr03
375,Joe Nuxhall*,31,CIN,NL,-0.2,39,28,26,3,2,1,0,0,1,0,0,1,6,0.077,0.107,0.115,0.223,-39,0.104,-70,3,0,0,0,1,0,1/H,,nuxhajo01
376,Ty Cline*,21,CLE,AL,0.4,7,27,26,2,8,1,1,0,2,0,0,0,4,0.308,0.308,0.423,0.731,99,0.362,114,11,1,0,1,0,0,/8H,,clinety01
377,Lindy McDaniel,24,STL,NL,0.1,65,27,26,0,6,1,0,0,0,0,0,1,7,0.231,0.259,0.269,0.528,41,0.276,48,7,1,0,0,0,0,1,ASASCYA-3MVP-5,mcdanli01
378,Wally Shannon*,27,STL,NL,0.2,18,27,23,2,4,0,0,0,1,0,0,3,6,0.174,0.296,0.174,0.47,29,0.222,6,4,0,1,0,0,1,4H/6,,shannwa02
379,Doug Camilli,23,LAD,NL,0.2,6,26,24,4,8,2,0,1,3,0,0,1,4,0.333,0.385,0.542,0.926,145,0.41,146,13,0,1,0,0,0,/2H,,camildo02
380,Don Elston,31,CHC,NL,-0.2,60,26,24,0,3,0,0,0,0,0,0,0,10,0.125,0.125,0.125,0.25,-30,0.113,-73,3,0,0,2,0,0,1,,elstodo01
381,Eli Grba,25,NYY,AL,0.2,27,26,21,1,5,0,0,1,1,0,0,2,7,0.238,0.304,0.381,0.685,89,0.315,80,8,1,0,3,0,0,1/H,,grbael01
382,Dick Donovan*,32,CHW,AL,-0.1,33,25,23,3,3,1,0,0,2,0,0,1,13,0.13,0.2,0.174,0.374,3,0.185,-15,4,0,1,0,0,0,1,,donovdi01
383,Joe Gibbon,25,PIT,NL,0.2,27,25,19,2,4,0,0,0,0,0,0,2,5,0.211,0.286,0.211,0.496,38,0.284,52,4,0,0,4,0,0,1,,gibbojo01
384,Chris Short,22,PHI,NL,-0.4,42,25,25,0,0,0,0,0,0,0,0,0,13,0,0,0,0,-100,0,-141,0,0,0,0,0,0,1,,shortch02
385,Marlan Coughtry*,25,BOS,AL,-0.3,15,24,19,3,3,0,0,0,0,0,0,5,8,0.158,0.333,0.158,0.491,36,0.265,42,3,0,0,0,0,0,4/H5,,coughma01
386,Tom Sturdivant*,30,BOS,AL,-0.1,40,24,22,1,4,0,0,0,1,0,0,0,5,0.182,0.174,0.182,0.356,-4,0.16,-40,4,1,0,1,1,0,1,,sturdto01
387,Earl Wilson,25,BOS,AL,0,15,24,23,3,4,1,0,0,2,0,0,1,7,0.174,0.208,0.217,0.426,14,0.238,21,5,0,0,0,0,0,1/H,,wilsoea01
388,Johnny Groth,33,DET,AL,-0.1,25,23,19,3,7,1,0,0,2,0,1,3,1,0.368,0.455,0.421,0.876,135,0.385,141,8,0,0,1,0,0,H/89,,grothjo01
389,Mark Freeman,29,CHC,NL,-0.1,30,22,20,2,3,0,0,0,1,0,0,1,9,0.15,0.19,0.15,0.34,-4,0.163,-30,3,0,0,1,0,0,1,,freemma01
390,Bill Stafford,21,NYY,AL,-0.3,12,22,22,0,1,0,0,0,1,0,0,0,8,0.045,0.045,0.045,0.091,-75,0.042,-111,1,0,0,0,0,0,1/H,,staffbi01
391,Gerry Staley,39,CHW,AL,0.1,64,22,17,0,4,0,0,0,3,0,0,2,5,0.235,0.333,0.235,0.569,57,0.325,83,4,1,1,1,1,0,1,ASASMVP-23,stalege01
392,Wynn Hawkins,24,CLE,AL,-0.2,15,21,20,1,2,1,0,0,0,0,0,0,11,0.1,0.1,0.15,0.25,-32,0.111,-72,3,0,0,1,0,0,1,,hawkiwy01
393,Bob Oldis,32,PIT,NL,0,22,21,20,1,4,1,0,0,1,0,0,1,2,0.2,0.238,0.25,0.488,34,0.312,80,5,0,0,0,0,0,2,,oldisbo01
394,Jim Maloney*,20,CIN,NL,-0.1,11,20,18,0,2,1,0,0,0,0,0,1,5,0.111,0.158,0.167,0.325,-11,0.153,-43,3,1,0,1,0,0,1,,malonji01
395,J.C. Martin*,23,CHW,AL,-0.5,7,20,20,0,2,1,0,0,2,0,0,0,6,0.1,0.1,0.15,0.25,-33,0.111,-67,3,1,0,0,0,0,/5H3,,martij.01
396,Phil Regan,23,DET,AL,-0.2,17,20,17,0,1,0,0,0,1,0,0,2,7,0.059,0.158,0.059,0.217,-40,0.124,-69,1,0,0,1,0,0,1,,reganph01
397,Jim Rivera*,38,CHW,AL,0,48,20,17,17,5,0,0,1,1,4,0,3,3,0.294,0.4,0.471,0.871,135,0.424,135,8,0,0,0,0,0,H9/78,,riverji01
398,Dick Bertell,24,CHC,NL,-0.1,5,19,15,0,2,0,0,0,2,0,0,3,1,0.133,0.263,0.133,0.396,14,0.207,8,2,0,0,0,1,0,/2,,bertedi01
399,Tom Cheney,25,PIT,NL,0.1,11,19,17,2,3,1,0,0,2,0,0,1,4,0.176,0.222,0.235,0.458,25,0.263,42,4,0,0,1,0,0,1,,cheneto01
400,Roy Face,32,PIT,NL,0.4,68,19,17,3,7,1,0,0,0,0,0,0,4,0.412,0.412,0.471,0.882,141,0.449,189,8,0,0,2,0,0,1,ASASMVP-12,facero01
401,Jack Harshman*,32,CLE,AL,-0.1,15,19,17,0,3,1,0,0,1,0,0,0,4,0.176,0.176,0.235,0.412,12,0.185,-24,4,0,0,2,0,0,1,,harshja01
402,Dave Sisler,28,DET,AL,-0.1,41,19,16,0,2,0,0,0,0,0,0,2,5,0.125,0.222,0.125,0.347,-5,0.182,-26,2,0,0,1,0,0,1,,sisleda01
403,Camilo Carreón,22,CHW,AL,0.1,8,18,17,2,4,0,0,0,2,0,0,1,3,0.235,0.278,0.235,0.513,41,0.244,28,4,0,0,0,0,0,/2H,,carreca01
404,Turk Farrell,26,PHI,NL,0.1,59,18,15,0,3,1,0,0,2,0,0,1,3,0.2,0.25,0.267,0.517,43,0.295,67,4,1,0,2,0,0,1,,farretu01
405,Valmy Thomas,34,BAL,AL,-0.2,8,18,16,0,1,0,0,0,0,0,1,1,0,0.063,0.118,0.063,0.18,-49,0.121,-45,1,2,0,1,0,0,/2,,thomava01
406,Bob Trowbridge,30,KCA,AL,-0.3,22,18,18,0,1,1,0,0,0,0,0,0,6,0.056,0.056,0.111,0.167,-56,0.072,-95,2,0,0,0,0,0,1,,trowbbo01
407,Ted Bowsfield,25,2TM,AL,0,28,18,14,2,2,0,0,0,2,0,0,1,4,0.143,0.2,0.143,0.343,-5,0.171,-43,2,0,0,3,0,0,1,,bowsfte01
407,Ted Bowsfield,25,BOS,AL,0,17,6,4,1,1,0,0,0,2,0,0,0,1,0.25,0.25,0.25,0.5,35,0.23,-27,1,0,0,2,0,0,1,,bowsfte01
407,Ted Bowsfield,25,CLE,AL,-0.1,11,12,10,1,1,0,0,0,0,0,0,1,3,0.1,0.182,0.1,0.282,-20,0.149,-49,1,0,0,1,0,0,1,,bowsfte01
408,Jim Brosnan,30,CIN,NL,0.2,57,17,15,1,3,2,0,1,4,0,0,1,6,0.2,0.25,0.533,0.783,106,0.337,98,8,0,0,1,0,0,1,,brosnji01
409,Mike Fornieles,28,BOS,AL,0.2,70,17,15,2,6,0,0,0,1,0,0,0,3,0.4,0.4,0.4,0.8,115,0.368,113,6,0,0,2,0,0,1,MVP-28,fornimi01
410,Johnny Klippstein,32,CLE,AL,0,49,17,14,1,2,0,0,0,0,0,0,1,5,0.143,0.2,0.143,0.343,-4,0.233,13,2,0,0,2,0,0,1,,klippjo01
411,Bennie Daniels*,28,PIT,NL,0,10,16,16,1,3,0,0,0,2,0,0,0,7,0.188,0.188,0.188,0.375,3,0.17,-22,3,0,0,0,0,0,1,,daniebe02
412,Sammy Drake#,25,CHC,NL,-0.3,15,16,15,5,1,0,0,0,0,0,0,1,4,0.067,0.125,0.067,0.192,-45,0.101,-68,1,0,0,0,0,0,H/54,,drakesa01
413,Bob Miller,21,STL,NL,-0.2,17,16,14,1,2,0,0,0,1,0,0,0,6,0.143,0.143,0.143,0.286,-24,0.129,-79,2,0,0,1,0,0,1/H,,millebo04
414,Art Schult,32,CHC,NL,-0.2,12,16,15,1,2,1,0,0,1,0,0,1,3,0.133,0.188,0.2,0.388,7,0.146,-45,3,0,0,0,0,1,/H73,,schular01
415,Bill Short*,22,NYY,AL,0.1,10,16,15,2,3,1,0,0,3,0,0,1,3,0.2,0.25,0.267,0.517,43,0.241,30,4,0,0,0,0,0,1,,shortbi01
416,Ray Moore,34,2TM,AL,-0.2,51,16,16,0,1,0,0,0,0,0,0,0,5,0.063,0.063,0.063,0.125,-66,0.057,-107,1,0,0,0,0,0,1,,moorera02
416,Ray Moore,34,CHW,AL,0,14,2,2,0,0,0,0,0,0,0,0,0,1,0,0,0,0,-100,0,-150,0,0,0,0,0,0,1,,moorera02
416,Ray Moore,34,WSH,AL,-0.2,37,14,14,0,1,0,0,0,0,0,0,0,4,0.071,0.071,0.071,0.143,-61,0.066,-101,1,0,0,0,0,0,1,,moorera02
417,Chet Boak,25,KCA,AL,0,5,15,13,1,2,0,0,0,1,0,0,0,2,0.154,0.2,0.154,0.354,-3,0.235,20,2,0,1,0,1,0,/4,,boakch01
418,Joe Gaines,23,CIN,NL,-0.1,11,15,15,2,3,0,0,0,1,0,0,0,1,0.2,0.2,0.2,0.4,9,0.242,30,3,0,0,0,0,0,/H978,,gainejo01
419,Rubén Gómez,32,PHI,NL,-0.1,22,14,12,0,1,0,0,0,0,0,0,1,3,0.083,0.154,0.083,0.237,-32,0.124,-64,1,0,0,1,0,0,1,,gomezru01
420,Jim Kaat*,21,WSH,AL,-0.1,13,14,14,0,2,0,0,0,0,0,0,0,6,0.143,0.143,0.143,0.286,-23,0.131,-54,2,0,0,0,0,0,1,,kaatji01
421,Jim McManus*,23,KCA,AL,0.1,5,14,13,3,4,0,0,1,2,0,0,1,2,0.308,0.357,0.538,0.896,139,0.467,183,7,1,0,0,0,0,/3H,,mcmanji01
422,Bobby Wine,21,PHI,NL,-0.1,4,14,14,1,2,0,0,0,0,0,0,0,2,0.143,0.143,0.143,0.286,-21,0.159,-1,2,0,0,0,0,0,/6,,winebo01
423,George Brunet,25,2TM,2LG,-0.2,20,14,14,0,1,0,0,0,0,0,0,0,7,0.071,0.071,0.071,0.143,-60,0.065,-91,1,0,0,0,0,0,1,,brunege01
423,George Brunet,25,KCA,AL,-0.1,3,3,3,0,0,0,0,0,0,0,0,0,3,0,0,0,0,-100,0,-148,0,0,0,0,0,0,/1,,brunege01
423,George Brunet,25,MLN,NL,-0.1,17,11,11,0,1,0,0,0,0,0,0,0,4,0.091,0.091,0.091,0.182,-48,0.082,-75,1,0,0,0,0,0,1,,brunege01
424,Tom Borland*,27,BOS,AL,-0.2,26,13,13,0,0,0,0,0,0,0,0,0,5,0,0,0,0,-100,0,-148,0,0,0,0,0,0,1,,borlato01
425,John Gabler#,29,NYY,AL,0,21,13,11,0,1,0,0,0,1,0,0,1,3,0.091,0.167,0.091,0.258,-26,0.137,-55,1,0,0,1,0,0,1,,gablega02
426,Whitey Lockman*,33,CIN,NL,0.1,21,13,10,6,2,0,0,1,1,0,0,2,3,0.2,0.385,0.5,0.885,139,0.398,141,5,1,1,0,0,0,H/3,,lockmwh01
427,Danny McDevitt*,27,LAD,NL,0.1,24,13,10,2,2,0,0,0,0,0,0,1,6,0.2,0.273,0.2,0.473,29,0.313,72,2,0,0,2,0,0,1,,mcdevda01
428,Bobby Shantz,34,NYY,AL,-0.1,43,13,10,1,1,0,0,0,0,0,0,1,2,0.1,0.182,0.1,0.282,-20,0.149,-59,1,0,0,2,0,0,1/H,GG,shantbo01
429,Marshall Bridges#,29,2TM,NL,0,34,13,10,2,1,0,0,0,0,0,0,1,2,0.1,0.25,0.1,0.35,-1,0.196,-8,1,1,1,1,0,0,1,,bridgma01
429,Marshall Bridges#,29,STL,NL,-0.1,20,7,6,1,0,0,0,0,0,0,0,1,1,0,0.143,0,0.143,-58,0.101,-79,0,1,0,0,0,0,1,,bridgma01
429,Marshall Bridges#,29,CIN,NL,0.1,14,6,4,1,1,0,0,0,0,0,0,0,1,0.25,0.4,0.25,0.65,82,0.329,89,1,0,1,1,0,0,1,,bridgma01
430,Georges Maranda,28,SFG,NL,0,17,12,12,0,2,0,0,0,0,0,0,0,6,0.167,0.167,0.167,0.333,-6,0.151,-28,2,0,0,0,0,0,1,,marange01
431,Claude Osteen*,20,CIN,NL,-0.2,26,12,12,1,1,0,0,0,0,0,0,0,7,0.083,0.083,0.083,0.167,-54,0.075,-90,1,0,0,0,0,0,1/H,,osteecl01
432,Johnny Schaive,26,WSH,AL,-0.2,6,12,12,1,3,1,0,0,0,0,0,0,3,0.25,0.25,0.333,0.583,56,0.219,37,4,1,0,0,0,0,/4H,,schaijo01
433,John Briggs,26,2TM,AL,0,29,12,11,0,1,0,0,0,0,0,0,0,3,0.091,0.091,0.091,0.182,-50,0.169,-31,1,0,0,1,0,0,1,,briggjo01
433,John Briggs,26,CLE,AL,0,21,9,8,0,1,0,0,0,0,0,0,0,2,0.125,0.125,0.125,0.25,-31,0.232,12,1,0,0,1,0,0,1,,briggjo01
433,John Briggs,26,KCA,AL,-0.1,8,3,3,0,0,0,0,0,0,0,0,0,1,0,0,0,0,-100,0,-148,0,0,0,0,0,0,/1,,briggjo01
434,Chris Cannizzaro,22,STL,NL,0,7,11,9,0,2,0,0,0,1,0,0,1,3,0.222,0.273,0.222,0.495,34,0.229,14,2,0,0,0,1,0,/2H,,cannich01
435,Don McMahon,30,MLN,NL,-0.2,48,11,11,0,0,0,0,0,1,0,0,0,5,0,0,0,0,-100,0,-134,0,0,0,0,0,0,1,,mcmahdo02
436,Arnie Portocarrero,28,BAL,AL,-0.2,13,11,11,0,0,0,0,0,0,0,0,0,6,0,0,0,0,-100,0,-143,0,0,0,0,0,0,1,,portoar01
437,Neil Wilson*,25,SFG,NL,-0.3,6,11,10,0,0,0,0,0,0,0,0,1,2,0,0.091,0,0.091,-72,0,-161,0,1,0,0,0,1,/2,,wilsone01
438,Clem Labine,33,3TM,2LG,-0.1,42,11,8,1,1,1,0,0,1,0,0,0,3,0.125,0.125,0.25,0.375,-2,0.161,-120,2,0,0,2,0,0,1,,labincl01
438,Clem Labine,33,2TM,NL,0,28,9,6,1,1,1,0,0,1,0,0,0,3,0.167,0.167,0.333,0.5,32,0.215,-111,2,0,0,2,0,0,1,,labincl01
438,Clem Labine,33,LAD,NL,0.1,13,2,2,1,1,1,0,0,0,0,0,0,1,0.5,0.5,1,1.5,290,0.644,314,2,0,0,0,0,0,1,,labincl01
438,Clem Labine,33,DET,AL,0,14,2,2,0,0,0,0,0,0,0,0,0,0,0,0,0,0,-100,0,-150,0,0,0,0,0,0,1,,labincl01
438,Clem Labine,33,PIT,NL,-0.1,15,7,4,0,0,0,0,0,1,0,0,0,2,0,0,0,0,-100,0,-323,0,0,0,2,0,0,1,,labincl01
439,Dick Drott,23,CHC,NL,-0.1,23,10,10,0,1,0,0,0,0,0,0,0,6,0.1,0.1,0.1,0.2,-44,0.09,-76,1,0,0,0,0,0,1,,drottdi01
440,Frank Funk,24,CLE,AL,0,9,10,9,1,1,0,0,0,0,0,0,1,5,0.111,0.2,0.111,0.311,-12,0.164,-25,1,0,0,0,0,0,/1,,funkfr01
441,Carl Furillo,38,LAD,NL,0,8,10,10,1,2,0,1,0,1,0,0,0,2,0.2,0.2,0.4,0.6,56,0.254,34,4,0,0,0,0,0,/H9,,furilca01
442,Lou Klimchock*,20,KCA,AL,-0.1,10,10,10,0,3,0,0,0,0,0,0,0,0,0.3,0.3,0.3,0.6,63,0.276,49,3,0,0,0,0,0,/H4,,klimclo01
443,Tim McCarver*,18,STL,NL,-0.2,10,10,10,3,2,0,0,0,0,0,0,0,2,0.2,0.2,0.2,0.4,7,0.273,46,2,1,0,0,0,0,/H2,,mccarti01
444,Jack Meyer,28,PHI,NL,0,7,10,8,1,1,0,0,0,0,0,0,1,4,0.125,0.222,0.125,0.347,-1,0.179,-26,1,0,0,1,0,0,/1,,meyerja01
445,Jim Pisoni,30,NYY,AL,0.1,20,10,9,1,1,0,0,0,1,0,0,1,2,0.111,0.2,0.111,0.311,-11,0.258,43,1,0,0,0,0,0,7/8H,,pisonji01
446,Rogelio Álvarez,22,CIN,NL,-0.1,3,9,9,1,1,0,0,0,0,0,0,0,3,0.111,0.111,0.111,0.222,-39,0.1,-72,1,0,0,0,0,0,/3H,,alvarro01
447,Jesse Gonder*,24,NYY,AL,0.2,7,9,7,1,2,0,0,1,3,0,0,1,1,0.286,0.333,0.714,1.048,182,0.626,303,5,0,0,0,1,0,/H2,,gondeje01
448,Fred Green,26,PIT,NL,0.3,45,9,8,3,3,0,0,2,2,0,0,1,4,0.375,0.444,1.125,1.569,312,0.649,322,9,0,0,0,0,0,1,,greenfr01
449,Mike Krsnich,28,MLN,NL,0.1,4,9,9,0,3,1,0,0,2,0,0,0,0,0.333,0.333,0.444,0.778,119,0.344,113,4,1,0,0,0,0,/7H,,krsnimi01
450,Stan Lopata,34,MLN,NL,-0.1,7,9,8,0,1,0,0,0,0,0,0,1,3,0.125,0.222,0.125,0.347,2,0.282,68,1,0,0,0,0,0,/2H,,lopatst01
451,Ron Piché,25,MLN,NL,0,37,9,7,0,0,0,0,0,0,0,0,2,5,0,0.222,0,0.222,-30,0.157,-21,0,0,0,0,0,0,1,,pichero01
452,Mickey Vernon*,42,PIT,NL,,9,9,8,0,1,0,0,0,1,0,0,1,0,0.125,0.222,0.125,0.347,-2,0.228,10,1,0,0,0,0,1,/H,,vernomi01
453,Ted Wills*,26,BOS,AL,0.1,16,9,8,3,2,1,0,0,1,0,0,1,2,0.25,0.333,0.375,0.708,90,0.327,83,3,0,0,0,0,0,1/H,,willste01
454,Red Witt,28,PIT,NL,-0.1,10,9,9,0,0,0,0,0,0,0,0,0,4,0,0,0,0,-100,0,-144,0,0,0,0,0,0,1,,wittge01
455,Don Dillard*,23,CLE,AL,-0.1,6,8,7,0,1,0,0,0,0,0,0,1,3,0.143,0.25,0.143,0.393,11,0.205,2,1,1,0,0,0,0,/H9,,dillado01
456,Paul Giel,27,PIT,NL,-0.1,16,8,7,0,0,0,0,0,0,0,0,0,2,0,0,0,0,-100,0,-180,0,0,0,1,0,0,1,,gielpa01
457,Julio Gotay,21,STL,NL,-0.1,3,8,8,1,3,0,0,0,0,1,0,0,2,0.375,0.375,0.375,0.75,100,0.372,93,3,0,0,0,0,0,/65H,,gotayju01
458,Dick Gray,28,STL,NL,-0.1,9,8,5,1,0,0,0,0,1,0,0,2,2,0,0.25,0,0.25,-26,0.177,-23,0,0,0,0,1,0,/H45,,graydi01
459,Bill Henry*,32,CIN,NL,-0.1,51,8,8,0,0,0,0,0,0,0,0,0,5,0,0,0,0,-100,0,-146,0,0,0,0,0,0,1,ASAS,henrybi01
460,Dave Hillman,32,BOS,AL,-0.1,16,8,6,0,0,0,0,0,0,0,0,1,3,0,0.143,0,0.143,-58,0.103,-100,0,0,0,1,0,0,1,,hillmda01
461,Turk Lown,36,CHW,AL,0.1,45,8,5,0,1,1,0,0,0,0,0,1,0,0.2,0.333,0.4,0.733,98,0.337,91,2,0,0,2,0,0,1,,lowntu01
462,Nelson Mathews,18,CHC,NL,0,3,8,8,1,2,0,0,0,0,0,0,0,2,0.25,0.25,0.25,0.5,39,0.226,22,2,0,0,0,0,0,/9H,,mathene01
463,Joe Schaffernoth,22,CHC,NL,0,33,8,7,0,2,0,0,0,1,0,0,0,2,0.286,0.286,0.286,0.571,59,0.258,37,2,0,0,1,0,0,1,,schafjo01
464,Jim Brewer*,22,CHC,NL,0,6,7,6,0,1,0,0,0,0,0,0,1,2,0.167,0.286,0.167,0.452,29,0.23,25,1,0,0,0,0,0,/1H,,breweji01
465,Moe Drabowsky,24,CHC,NL,-0.1,33,7,6,0,0,0,0,0,0,0,0,0,3,0,0,0,0,-100,0.154,-52,0,0,0,1,0,0,1/H,,drabomo01
466,Ryne Duren,31,NYY,AL,-0.1,42,7,6,0,0,0,0,0,0,0,0,0,4,0,0,0,0,-100,0,-179,0,1,0,1,0,0,1,,durenry01
467,Gail Harris*,28,DET,AL,-0.1,8,7,5,0,0,0,0,0,0,0,0,2,1,0,0.286,0,0.286,-17,0.12,-91,0,0,0,0,0,1,/3H,,harriga01
468,Rudy Hernández,28,WSH,AL,-0.1,24,7,6,0,1,0,0,0,0,0,0,0,1,0.167,0.167,0.167,0.333,-10,0.153,-61,1,0,0,1,0,0,1/H,,hernaru01
469,Sherman Jones*,25,SFG,NL,0,16,7,7,1,2,0,0,0,1,0,0,0,2,0.286,0.286,0.286,0.571,62,0.258,49,2,1,0,0,0,0,1,,jonessh02
470,Duke Maas,31,NYY,AL,-0.1,35,7,6,0,0,0,0,0,0,0,0,0,2,0,0,0,0,-100,0.157,-51,0,1,0,0,0,0,1,,maasdu01
471,Ed Palmquist,27,LAD,NL,-0.1,22,7,7,0,0,0,0,0,0,0,0,0,1,0,0,0,0,-100,0,-150,0,0,0,0,0,0,1,,palmqed01
472,John Tsitouris,24,KCA,AL,-0.1,14,7,6,0,0,0,0,0,0,0,0,0,1,0,0,0,0,-100,0,-187,0,0,0,1,0,0,1,,tsitojo01
473,Luis Arroyo*,33,NYY,AL,0,29,6,5,0,0,0,0,0,1,0,0,1,1,0,0.167,0,0.167,-50,0.12,-55,0,0,0,0,0,0,1,,arroylu01
474,Ray Barker*,24,BAL,AL,-0.2,5,6,6,0,0,0,0,0,0,0,0,0,3,0,0,0,0,-100,0,-143,0,0,0,0,0,0,/H7,,barkera01
475,Dick Barone,27,PIT,NL,-0.2,3,6,6,0,0,0,0,0,0,0,0,0,1,0,0,0,0,-100,0,-146,0,0,0,0,0,0,/6H,,barondi01
476,Stan Johnson*,23,CHW,AL,-0.1,5,6,6,1,1,0,0,1,1,0,1,0,1,0.167,0.167,0.667,0.833,115,0.267,103,4,0,0,0,0,0,/H7,,johnsst01
477,Marty Kutyna,27,KCA,AL,0.1,51,6,5,0,1,0,0,0,1,0,0,0,0,0.2,0.2,0.2,0.4,9,0.372,120,1,0,0,1,0,0,1,,kutynma01
478,Jim McKnight,24,CHC,NL,0,3,6,6,0,2,0,0,0,1,0,0,0,1,0.333,0.333,0.333,0.667,85,0.301,75,2,0,0,0,0,0,/49H,,mckniji01
479,Ed Rakow#,25,LAD,NL,0,9,6,6,0,2,0,0,0,0,0,0,0,1,0.333,0.333,0.333,0.667,79,0.301,68,2,0,0,0,0,0,/1,,rakowed01
480,Humberto Robinson,30,PHI,NL,0,33,6,6,0,1,0,0,0,0,0,0,0,5,0.167,0.167,0.167,0.333,-8,0.151,-34,1,0,0,0,0,0,1,,robinhu01
481,Ray Semproch,29,DET,AL,0,17,6,4,0,0,0,0,0,0,0,0,1,3,0,0.2,0,0.2,-42,0.145,-75,0,0,0,1,0,0,1,,semprra01
482,Wes Stock,26,BAL,AL,-0.1,17,6,6,0,0,0,0,0,0,0,0,0,4,0,0,0,0,-100,0,-143,0,0,0,0,0,0,1,,stockwe01
483,Jim Umbricht,29,PIT,NL,0.1,17,6,6,1,2,0,0,0,0,0,0,0,0,0.333,0.333,0.333,0.667,83,0.301,72,2,0,0,0,0,0,1,,umbriji01
484,Tom Morgan,30,2TM,AL,0,36,6,5,0,0,0,0,0,0,0,0,0,1,0,0,0,0,-100,0.188,-14,0,0,0,1,0,0,1,,morgato01
484,Tom Morgan,30,DET,AL,0,22,1,0,0,0,0,0,0,0,0,0,0,0,,,,,,,,0,0,0,1,0,0,1,,morgato01
484,Tom Morgan,30,WSH,AL,0,14,5,5,0,0,0,0,0,0,0,0,0,1,0,0,0,0,-100,0.188,-14,0,0,0,0,0,0,1,,morgato01
485,Jerry Adair,23,BAL,AL,0,3,5,5,1,1,0,0,1,1,0,0,0,0,0.2,0.2,0.8,1,159,0.423,155,4,0,0,0,0,0,/4,,adairje01
486,Steve Demeter,25,CLE,AL,-0.2,4,5,5,0,0,0,0,0,0,0,0,0,1,0,0,0,0,-100,0,-141,0,0,0,0,0,0,/5H,,demetst01
487,Bob Duliba,25,STL,NL,0,27,5,5,1,1,0,0,0,0,0,0,0,2,0.2,0.2,0.2,0.4,7,0.181,-20,1,0,0,0,0,0,1,,dulibbo01
488,Eddie Fisher,23,SFG,NL,0.2,3,5,5,1,3,0,0,0,1,0,0,0,1,0.6,0.6,0.6,1.2,240,0.543,253,3,0,0,0,0,0,/1,,fisheed02
489,Earl Francis,24,PIT,NL,-0.1,7,5,5,0,0,0,0,0,0,0,0,0,3,0,0,0,0,-100,0,-142,0,1,0,0,0,0,/1,,francea01
490,Gordon Jones,30,BAL,AL,0.1,29,5,5,0,2,0,0,0,1,0,0,0,2,0.4,0.4,0.4,0.8,119,0.368,116,2,0,0,0,0,0,1,,jonesgo01
491,Billy Loes,30,SFG,NL,0.1,37,5,4,1,1,0,0,0,0,0,0,0,0,0.25,0.25,0.25,0.5,41,0.457,214,1,0,0,1,0,0,1,,loesbi01
492,Don Nottebart,24,MLN,NL,-0.1,5,5,5,0,0,0,0,0,0,0,0,0,3,0,0,0,0,-100,0,-133,0,0,0,0,0,0,/1,,nottedo01
493,Ed Olivares,22,STL,NL,-0.2,3,5,5,0,0,0,0,0,0,0,0,0,3,0,0,0,0,-100,0,-147,0,0,0,0,0,0,/H5,,olivaed01
494,Carl Thomas,28,CLE,AL,0.1,5,5,3,1,1,0,0,0,0,0,0,1,1,0.333,0.5,0.333,0.833,134,0.411,160,1,0,0,1,0,0,/1H,,thomaca01
495,Ray Webster,22,BOS,AL,0.1,7,5,3,1,0,0,0,0,1,0,0,1,0,0,0.2,0,0.2,-41,0.52,218,0,0,0,0,1,0,/H4,,webstra01
496,Bob Rush,34,2TM,2LG,0.1,19,5,4,2,2,0,0,0,0,0,0,1,1,0.5,0.6,0.5,1.1,214,0.506,225,2,0,0,0,0,0,1,,rushbo01
496,Bob Rush,34,MLN,NL,0.1,10,4,3,1,1,0,0,0,0,0,0,1,1,0.333,0.5,0.333,0.833,143,0.403,155,1,0,0,0,0,0,1,,rushbo01
496,Bob Rush,34,CHW,AL,0.1,9,1,1,1,1,0,0,0,0,0,0,0,0,1,1,1,2,445,0.92,509,1,0,0,0,0,0,/1,,rushbo01
497,Harry Bright,30,PIT,NL,,4,4,4,0,0,0,0,0,0,0,0,0,2,0,0,0,0,-100,0,-141,0,0,0,0,0,0,/H,,brighha01
498,Duke Carmel*,23,STL,NL,-0.1,4,4,3,0,0,0,0,0,0,1,1,1,1,0,0.25,0,0.25,-26,0.115,-23,0,0,0,0,0,0,/H39,,carmedu01
499,Bob Davis,26,KCA,AL,0,21,4,4,0,1,0,0,0,0,0,0,0,0,0.25,0.25,0.25,0.5,36,0.23,18,1,0,0,0,0,0,1,,davisbo01
500,Len Gabrielson*,20,MLN,NL,0,4,4,3,1,0,0,0,0,0,0,0,1,0,0,0.25,0,0.25,-21,0.177,-7,0,0,0,0,0,0,/H7,,gabrile02
501,Gene Green,27,BAL,AL,-0.1,1,4,4,0,1,0,0,0,0,0,0,0,0,0.25,0.25,0.25,0.5,37,0.23,20,1,0,0,0,0,0,/9,,greenge01
502,Deron Johnson,21,NYY,AL,0,6,4,4,0,2,1,0,0,0,0,0,0,0,0.5,0.5,0.75,1.25,242,0.555,251,3,0,0,0,0,0,/5H,,johnsde01
503,Ted Sadowski,24,WSH,AL,0,9,4,3,0,0,0,0,0,0,0,0,1,0,0,0.25,0,0.25,-26,0.181,-18,0,0,0,0,0,0,/1,,sadowte01
504,Matty Alou*,21,SFG,NL,0,4,3,3,1,1,0,0,0,0,0,0,0,0,0.333,0.333,0.333,0.667,89,0.301,82,1,0,0,0,0,0,/H7,,alouma01
505,Frank Barnes,33,STL,NL,-0.1,4,3,2,0,0,0,0,0,0,0,0,0,0,0,0,0,0,-100,0,-273,0,0,0,0,0,0,/1,,barnefr02
506,Dick Burwell,20,CHC,NL,0,3,3,3,1,1,0,0,0,0,0,0,0,1,0.333,0.333,0.333,0.667,85,0.301,76,1,0,0,0,0,0,/1,,burwedi01
507,Mike García,36,CHW,AL,0,15,3,3,0,1,0,0,0,1,0,0,0,0,0.333,0.333,0.333,0.667,82,0.307,70,1,0,0,0,0,0,1,,garcimi01
508,Jim Golden*,24,LAD,NL,0.1,1,3,3,1,1,1,0,0,0,0,0,0,1,0.333,0.333,0.667,1,160,0.429,161,2,0,0,0,0,0,/1,,goldeji01
509,Johnny James*,26,NYY,AL,-0.1,28,3,3,0,0,0,0,0,0,0,0,0,2,0,0,0,0,-100,0,-142,0,0,0,0,0,0,1,,jamesjo01
510,Ben Johnson,29,CHC,NL,-0.1,17,3,2,0,0,0,0,0,0,0,0,0,2,0,0,0,0,-100,0,-259,0,0,0,1,0,0,1,,johnsbe01
511,Darrell Johnson,31,STL,NL,0,8,3,2,0,0,0,0,0,0,0,0,1,0,0,0.333,0,0.333,-2,0.236,21,0,0,0,0,0,0,/2,,johnsda01
512,Leo Kiely*,30,KCA,AL,0.1,20,3,1,0,0,0,0,0,0,0,0,2,1,0,0.667,0,0.667,97,0.482,194,0,0,0,0,0,0,1,,kielyle01
513,Gary Kolb*,20,STL,NL,-0.1,9,3,3,1,0,0,0,0,0,0,0,0,0,0,0,0,0,-100,0,-148,0,0,0,0,0,0,/H789,,kolbga01
514,Chet Nichols#,29,BOS,AL,-0.1,6,3,3,0,0,0,0,0,0,0,0,0,1,0,0,0,0,-100,0,-152,0,0,0,0,0,0,/1,,nichoch02
515,R C Stevens,25,PIT,NL,-0.1,9,3,3,1,0,0,0,0,0,0,0,0,1,0,0,0,0,-100,0,-142,0,0,0,0,0,0,/3H,,stever_01
516,Al Worthington,31,2TM,AL,0.1,10,3,3,1,2,0,0,0,0,0,0,0,1,0.667,0.667,0.667,1.333,262,0.613,288,2,0,0,0,0,0,1,,worthal01
516,Al Worthington,31,BOS,AL,0,6,1,1,0,0,0,0,0,0,0,0,0,1,0,0,0,0,-100,0,-155,0,0,0,0,0,0,/1,,worthal01
516,Al Worthington,31,CHW,AL,0.1,4,2,2,1,2,0,0,0,0,0,0,0,0,1,1,1,2,445,0.92,509,2,0,0,0,0,0,/1,,worthal01
517,Bud Byerly,40,SFG,NL,0,19,2,1,0,0,0,0,0,0,0,0,0,1,0,0,0,0,-100,0,-373,0,0,0,1,0,0,1,,byerlbu01
518,Arnold Earley*,27,BOS,AL,0,2,2,1,0,0,0,0,0,0,0,0,1,1,0,0.5,0,0.5,47,0.361,109,0,0,0,0,0,0,/1,,earlear01
519,Don Ferrarese,31,CHW,AL,0,5,2,2,1,1,0,0,0,0,0,0,0,1,0.5,0.5,0.5,1,172,0.46,182,1,0,0,0,0,0,/1,,ferrado01
520,Bob Giggie,26,2TM,2LG,0,13,2,2,0,0,0,0,0,0,0,0,0,2,0,0,0,0,-100,0,-150,0,0,0,0,0,0,1,,giggibo01
520,Bob Giggie,26,MLN,NL,0,3,0,0,0,0,0,0,0,0,0,0,0,0,,,,,,,,0,0,0,0,0,0,/1,,giggibo01
520,Bob Giggie,26,KCA,AL,0,10,2,2,0,0,0,0,0,0,0,0,0,2,0,0,0,0,-100,0,-150,0,0,0,0,0,0,1,,giggibo01
521,Jake Jacobs,23,WSH,AL,,6,2,2,0,0,0,0,0,0,0,0,0,0,0,0,0,0,-100,0,-150,0,2,0,0,0,0,/H,,jacobja01
522,Em Lindbeck*,25,DET,AL,,2,2,1,0,0,0,0,0,0,0,0,1,0,0,0.5,0,0.5,46,0.361,105,0,0,0,0,0,0,/H,,lindbem01
523,Jim McAnany,23,CHW,AL,,3,2,2,0,0,0,0,0,0,0,0,0,2,0,0,0,0,-100,0,-150,0,0,0,0,0,0,/H,,mcanaji01
524,Al Neiger*,21,PHI,NL,0,6,2,2,0,1,0,0,0,0,0,0,0,0,0.5,0.5,0.5,1,177,0.452,182,1,0,0,0,0,0,/1,,neigeal01
525,Mel Nelson,24,STL,NL,0,2,2,2,0,1,0,0,0,1,0,0,0,1,0.5,0.5,0.5,1,167,0.452,173,1,0,0,0,0,0,/1,,nelsome01
526,Bob Sadowski*,23,STL,NL,0,1,2,1,0,0,0,0,0,0,0,0,1,0,0,0.5,0,0.5,47,0.353,105,0,0,0,0,0,0,/4,,sadowbo01
527,Raúl Sánchez,29,CIN,NL,0,8,2,2,0,1,0,0,0,0,0,0,0,0,0.5,0.5,0.5,1,174,0.452,182,1,0,0,0,0,0,/1,,sanchra01
528,Bobby Tiefenauer,30,CLE,AL,0.1,6,2,1,2,0,0,0,0,0,0,0,1,0,0,0.5,0,0.5,50,0.831,450,0,0,0,0,0,0,/1H,,tiefebo01
529,Joe Torre,19,MLN,NL,,2,2,2,0,1,0,0,0,0,0,0,0,1,0.5,0.5,0.5,1,186,0.452,191,1,0,0,0,0,0,/H,,torrejo01
530,Mel Wright,32,CHC,NL,0,9,2,2,0,0,0,0,0,0,0,0,0,0,0,0,0,0,-100,0,-141,0,0,0,0,0,0,/1,,wrighme01
531,Bob Grim,30,3TM,2LG,0,44,2,2,0,0,0,0,0,0,0,0,0,1,0,0,0,0,-100,0,-145,0,0,0,0,0,0,1,,grimbo01
531,Bob Grim,30,2TM,NL,0,41,2,2,0,0,0,0,0,0,0,0,0,1,0,0,0,0,-100,0,-145,0,0,0,0,0,0,1,,grimbo01
531,Bob Grim,30,CLE,AL,0,3,0,0,0,0,0,0,0,0,0,0,0,0,,,,,,,,0,0,0,0,0,0,/1,,grimbo01
531,Bob Grim,30,CIN,NL,0,26,1,1,0,0,0,0,0,0,0,0,0,1,0,0,0,0,-100,0,-145,0,0,0,0,0,0,1,,grimbo01
531,Bob Grim,30,STL,NL,0,15,1,1,0,0,0,0,0,0,0,0,0,0,0,0,0,0,-100,0,-145,0,0,0,0,0,0,1,,grimbo01
532,Ted Abernathy,27,WSH,AL,0.1,2,1,1,1,1,0,0,0,0,0,0,0,0,1,1,1,2,440,0.92,509,1,0,0,0,0,0,/1,,abernte02
533,Ed Bauta,25,STL,NL,0,9,1,1,0,0,0,0,0,0,0,0,0,0,0,0,0,0,-100,0,-145,0,0,0,0,0,0,/1,,bautaed01
534,Art Ceccarelli,30,CHC,NL,0,7,1,0,0,0,0,0,0,0,0,0,0,0,,,,,,,,0,0,0,1,0,0,/1,,ceccaar01
535,Nelson Chittum,27,BOS,AL,0,6,1,1,0,0,0,0,0,0,0,0,0,1,0,0,0,0,-100,0,-155,0,0,0,0,0,0,/1,,chittne01
536,Rip Coleman*,28,BAL,AL,0,5,1,1,0,0,0,0,0,0,0,0,0,1,0,0,0,0,-100,0,-145,0,0,0,0,0,0,/1,,colemri01
537,Terry Fox,24,MLN,NL,0,5,1,1,0,0,0,0,0,0,0,0,0,1,0,0,0,0,-100,0,-136,0,0,0,0,0,0,/1,,foxte01
538,John Goetz,22,CHC,NL,0,4,1,1,0,0,0,0,0,0,0,0,0,1,0,0,0,0,-100,0,-136,0,0,0,0,0,0,/1,,goetzjo01
539,Billy Hoeft*,28,BAL,AL,0,19,1,1,0,0,0,0,0,0,0,0,0,0,0,0,0,0,-100,0,-145,0,0,0,0,0,0,1,,hoeftbi01
540,Ken MacKenzie,26,MLN,NL,0,9,1,1,0,0,0,0,0,0,0,0,0,1,0,0,0,0,-100,0,-136,0,0,0,0,0,0,/1,,mackeke01
541,Hank Mason,29,PHI,NL,0,3,1,1,0,0,0,0,0,0,0,0,0,0,0,0,0,0,-100,0,-136,0,0,0,0,0,0,/1,,masonha01
542,Carl Mathias#,24,CLE,AL,0,7,1,1,0,0,0,0,0,0,0,0,0,1,0,0,0,0,-100,0,-145,0,0,0,0,0,0,/1,,mathica01
543,Román Mejías,34,PIT,NL,,3,1,1,1,0,0,0,0,0,0,0,0,1,0,0,0,0,-100,0,-145,0,0,0,0,0,0,/H,,mejiaro01
544,Diomedes Olivo*,41,PIT,NL,0,4,1,1,0,0,0,0,0,0,0,0,0,0,0,0,0,0,-100,0,-145,0,0,0,0,0,0,/1,,olivodi01
545,Phil Ortega,20,LAD,NL,0,3,1,1,0,0,0,0,0,0,0,0,0,0,0,0,0,0,-100,0,-145,0,0,0,0,0,0,/1,,ortegph01
546,Orlando Peña,26,CIN,NL,0,4,1,1,0,0,0,0,0,0,0,0,0,1,0,0,0,0,-100,0,-145,0,0,0,0,0,0,/1,,penaor01
547,Taylor Phillips*,27,PHI,NL,0,10,1,1,0,0,0,0,0,0,0,0,0,0,0,0,0,0,-100,0,-136,0,0,0,0,0,0,1,,phillta01
548,Al Schroll,28,CHC,NL,0.1,2,1,1,0,1,0,0,0,0,0,0,0,0,1,1,1,2,457,0.904,509,1,0,0,0,0,0,/1,,schroal01
549,George Spencer,33,DET,AL,0,5,1,1,0,0,0,0,0,0,0,0,0,0,0,0,0,0,-100,0,-155,0,0,0,0,0,0,/1,,spencge01
550,Wayne Terwilliger,35,KCA,AL,0,2,1,1,0,0,0,0,0,0,0,0,0,0,0,0,0,0,-100,0,-145,0,0,0,0,0,0,/4,,terwiwa01
551,Dave Wickersham,24,KCA,AL,0,5,1,1,0,0,0,0,0,0,0,0,0,0,0,0,0,0,-100,0,-145,0,0,0,0,0,0,/1,,wickeda01
552,John Anderson,30,BAL,AL,0,4,0,0,0,0,0,0,0,0,0,0,0,0,,,,,,,,0,0,0,0,0,0,/1,,anderjo02
553,Ray Blemker,22,KCA,AL,0,1,0,0,0,0,0,0,0,0,0,0,0,0,,,,,,,,0,0,0,0,0,0,/1,,blemkra01
554,Cal Browning*,22,STL,NL,0,1,0,0,0,0,0,0,0,0,0,0,0,0,,,,,,,,0,0,0,0,0,0,/1,,brownca01
555,Don Choate,21,SFG,NL,0,4,0,0,0,0,0,0,0,0,0,0,0,0,,,,,,,,0,0,0,0,0,0,/1,,choatdo01
556,Doug Clemens*,21,STL,NL,0,1,0,0,0,0,0,0,0,0,0,0,0,0,,,,,,,,0,0,0,0,0,0,/9,,clemedo01
557,Don Gross*,29,PIT,NL,0,5,0,0,0,0,0,0,0,0,0,0,0,0,,,,,,,,0,0,0,0,0,0,/1,,grossdo01
558,Dick Hyde,31,WSH,AL,0,9,0,0,0,0,0,0,0,0,0,0,0,0,,,,,,,,0,0,0,0,0,0,/1,,hydedi01
559,Fred Kipp*,28,NYY,AL,0,4,0,0,0,0,0,0,0,0,0,0,0,0,,,,,,,,0,0,0,0,0,0,/1,,kippfr01
560,Brooks Lawrence,35,CIN,NL,0,7,0,0,0,0,0,0,0,0,0,0,0,0,,,,,,,,0,0,0,0,0,0,/1,,lawrebr01
561,Mike Lee*,19,CLE,AL,0,7,0,0,0,0,0,0,0,0,0,0,0,0,,,,,,,,0,0,0,0,0,0,/1,,leemi01
562,Bob Mabe,30,BAL,AL,0,2,0,0,0,0,0,0,0,0,0,0,0,0,,,,,,,,0,0,0,0,0,0,/1,,mabebo01
563,Héctor Maestri,25,WSH,AL,0,1,0,0,0,0,0,0,0,0,0,0,0,0,,,,,,,,0,0,0,0,0,0,/1,,maesthe01
564,Ken McBride,24,CHW,AL,0,5,0,0,0,0,0,0,0,0,0,0,0,0,,,,,,,,0,0,0,0,0,0,/1,,mcbrike01
565,Ramón Monzant,27,SFG,NL,0,1,0,0,0,0,0,0,0,0,0,0,0,0,,,,,,,,0,0,0,0,0,0,/1,,monzara01
566,Gary Peters*,23,CHW,AL,0,2,0,0,0,0,0,0,0,0,0,0,0,0,,,,,,,,0,0,0,0,0,0,/1,,peterga01
567,Howie Reed,23,KCA,AL,0,1,0,0,0,0,0,0,0,0,0,0,0,0,,,,,,,,0,0,0,0,0,0,/1,,reedho01
568,Duane Richards,23,CIN,NL,0,2,0,0,0,0,0,0,0,0,0,0,0,0,,,,,,,,0,0,0,0,0,0,/1,,richadu01
569,Billy Shantz,32,NYY,AL,0,1,0,0,0,0,0,0,0,0,0,0,0,0,,,,,,,,0,0,0,0,0,0,/2,,shantbi01
570,Barry Shetrone*,21,BAL,AL,,1,0,0,1,0,0,0,0,0,0,0,0,0,,,,,,,,0,0,0,0,0,0,/H,,shetrba01
571,Joe Shipley,25,SFG,NL,0,15,0,0,0,0,0,0,0,0,0,0,0,0,,,,,,,,0,0,0,0,0,0,1,,shipljo01
572,Tracy Stallard,22,BOS,AL,0,4,0,0,0,0,0,0,0,0,0,0,0,0,,,,,,,,0,0,0,0,0,0,/1,,stalltr01
573,Hal Stowe*,22,NYY,AL,0,1,0,0,0,0,0,0,0,0,0,0,0,0,,,,,,,,0,0,0,0,0,0,/1,,stoweha01
574,Jake Striker*,26,CHW,AL,0,2,0,0,0,0,0,0,0,0,0,0,0,0,,,,,,,,0,0,0,0,0,0,/1,,strikja01
575,Ted Wieand,27,CIN,NL,0,5,0,0,0,0,0,0,0,0,0,0,0,0,,,,,,,,0,0,0,0,0,0,/1,,wieante01
,League Average,,,,,,,,,,,,,,,,,,0.255,0.324,0.388,0.712,100,0.333,100,,,,,,,,,-9999
